Wvlgth nm;Etr W*m-2*nm-1;Global tilt  W*m-2*nm-1;Direct+circumsolar W*m-2*nm-1
280;0,08200;4,7309E-23;2,5361E-26
280,5;0,09900;1,2307E-21;1,0917E-24
281;0,15000;5,6895E-21;6,1253E-24
281,5;0,21200;1,5662E-19;2,7479E-22
282;0,26700;1,1946E-18;2,8346E-21
282,5;0,30300;4,5436E-18;1,3271E-20
283;0,32500;1,8452E-17;6,7646E-20
283,5;0,32300;3,5360E-17;1,4614E-19
284;0,29900;7,2670E-16;4,9838E-18
284,5;0,25024;2,4856E-15;2,1624E-17
285;0,17589;8,0142E-15;8,9998E-17
285,5;0,15500;4,2613E-14;6,4424E-16
286;0,24200;1,3684E-13;2,3503E-15
286,5;0,33300;8,3823E-13;1,8458E-14
287;0,36200;2,7367E-12;7,2547E-14
287,5;0,33900;1,0903E-11;3,6618E-13
288;0,31100;6,2337E-11;2,8061E-12
288,5;0,32500;1,7162E-10;9,0651E-12
289;0,39200;5,6265E-10;3,4978E-11
289,5;0,47900;2,0749E-09;1,5368E-10
290;0,56300;6,0168E-09;5,1454E-10
290,5;0,60600;1,3783E-08;1,3303E-09
291;0,61800;3,5052E-08;3,8965E-09
291,5;0,59800;1,0913E-07;1,4425E-08
292;0,56700;2,6830E-07;4,0789E-08
292,5;0,52900;4,2685E-07;7,0414E-08
293;0,53800;8,6466E-07;1,5760E-07
293,5;0,54900;2,2707E-06;4,7095E-07
294;0,53300;4,1744E-06;9,4558E-07
294,5;0,52000;6,5911E-06;1,5965E-06
295;0,52700;1,2290E-05;3,2246E-06
295,5;0,55900;2,7826E-05;8,0206E-06
296;0,57300;4,7904E-05;1,4737E-05
296,5;0,52100;7,1345E-05;2,3312E-05
297;0,47800;9,6800E-05;3,3187E-05
297,5;0,52900;1,8608E-04;6,7912E-05
298;0,52800;2,8988E-04;1,1127E-04
298,5;0,46800;3,5789E-04;1,4270E-04
299;0,47200;4,9211E-04;2,0323E-04
299,5;0,50100;8,6068E-04;3,7386E-04
300;0,45794;1,0205E-03;4,5631E-04
300,5;0,43300;1,2450E-03;5,7207E-04
301;0,46300;1,9300E-03;9,1926E-04
301,5;0,47756;2,6914E-03;1,3201E-03
302;0,44900;2,9209E-03;1,4570E-03
302,5;0,50800;4,2840E-03;2,1910E-03
303;0,61200;7,0945E-03;3,7332E-03
303,5;0,64600;8,9795E-03;4,8044E-03
304;0,62100;9,4701E-03;5,0973E-03
304,5;0,62600;1,1953E-02;6,4675E-03
305;0,64200;1,6463E-02;8,9336E-03
305,5;0,61100;1,8719E-02;1,0186E-02
306;0,56500;1,8577E-02;1,0150E-02
306,5;0,57500;2,1108E-02;1,1568E-02
307;0,60500;2,7849E-02;1,5246E-02
307,5;0,63100;3,5635E-02;1,9468E-02
308;0,64500;3,7837E-02;2,0753E-02
308,5;0,64050;4,1430E-02;2,2750E-02
309;0,58000;4,0534E-02;2,2298E-02
309,5;0,50000;4,3306E-02;2,3672E-02
310;0,53300;5,0939E-02;2,7826E-02
310,5;0,65200;6,5540E-02;3,5879E-02
311;0,76200;8,2922E-02;4,5392E-02
311,5;0,74400;8,4080E-02;4,6156E-02
312;0,70615;9,3376E-02;5,0898E-02
312,5;0,67600;9,8984E-02;5,3766E-02
313;0,69400;1,0733E-01;5,8323E-02
313,5;0,72400;1,0757E-01;5,8999E-02
314;0,71700;1,1969E-01;6,5266E-02
314,5;0,67600;1,3060E-01;7,0476E-02
315;0,68450;1,3625E-01;7,3686E-02
315,5;0,63200;1,1838E-01;6,4833E-02
316;0,58700;1,2348E-01;6,7088E-02
316,5;0,64900;1,5036E-01;8,1118E-02
317;0,73900;1,7158E-01;9,3020E-02
317,5;0,80189;1,8245E-01;9,9712E-02
318;0,72361;1,7594E-01;9,5815E-02
318,5;0,68000;1,8591E-01;1,0005E-01
319;0,70580;2,0470E-01;1,0971E-01
319,5;0,73318;1,9589E-01;1,0693E-01
320;0,77500;2,0527E-01;1,1277E-01
320,5;0,82600;2,4525E-01;1,3305E-01
321;0,76546;2,5024E-01;1,3414E-01
321,5;0,71900;2,3843E-01;1,2817E-01
322;0,73513;2,2203E-01;1,2200E-01
322,5;0,71152;2,1709E-01;1,1970E-01
323;0,64900;2,1226E-01;1,1623E-01
323,5;0,68138;2,4861E-01;1,3393E-01
324;0,74050;2,7537E-01;1,4852E-01
324,5;0,78800;2,8321E-01;1,5467E-01
325;0,82918;2,7894E-01;1,5504E-01
325,5;0,91377;3,2436E-01;1,7936E-01
326;0,99835;3,8120E-01;2,0868E-01
326,5;1,01660;4,0722E-01;2,2162E-01
327;1,00470;3,9806E-01;2,1834E-01
327,5;0,98679;3,8465E-01;2,1285E-01
328;0,95681;3,5116E-01;1,9773E-01
328,5;0,93400;3,7164E-01;2,0675E-01
329;1,00460;4,2235E-01;2,3297E-01
329,5;1,09580;4,6878E-01;2,5864E-01
330;1,10980;4,7139E-01;2,6192E-01
330,5;1,04290;4,2800E-01;2,4103E-01
331;0,99100;4,0262E-01;2,2835E-01
331,5;0,99396;4,1806E-01;2,3635E-01
332;0,99277;4,3623E-01;2,4508E-01
332,5;0,98003;4,3919E-01;2,4655E-01
333;0,96394;4,2944E-01;2,4263E-01
333,5;0,93700;4,0724E-01;2,3265E-01
334;0,95557;4,1497E-01;2,3823E-01
334,5;0,98862;4,4509E-01;2,5434E-01
335;1,00970;4,6388E-01;2,6477E-01
335,5;0,97453;4,5313E-01;2,5894E-01
336;0,88979;4,1519E-01;2,3813E-01
336,5;0,82900;3,8214E-01;2,2099E-01
337;0,81800;3,7380E-01;2,1767E-01
337,5;0,87732;4,0051E-01;2,3434E-01
338;0,92529;4,3411E-01;2,5321E-01
338,5;0,95783;4,5527E-01;2,6549E-01
339;0,96863;4,6355E-01;2,7096E-01
339,5;0,98900;4,7446E-01;2,7847E-01
340;1,05440;5,0180E-01;2,9659E-01
340,5;1,04630;5,0071E-01;2,9674E-01
341;0,97100;4,7139E-01;2,7932E-01
341,5;0,95900;4,6935E-01;2,7853E-01
342;0,99570;4,8934E-01;2,9121E-01
342,5;1,02770;5,0767E-01;3,0296E-01
343;1,04170;5,1489E-01;3,0857E-01
343,5;0,98301;4,8609E-01;2,9246E-01
344;0,85416;4,1843E-01;2,5352E-01
344,5;0,81300;4,0307E-01;2,4439E-01
345;0,91583;4,5898E-01;2,7854E-01
345,5;0,97021;4,8932E-01;2,9761E-01
346;0,94269;4,7778E-01;2,9132E-01
346,5;0,95594;4,8657E-01;2,9747E-01
347;0,96954;4,9404E-01;3,0318E-01
347,5;0,93318;4,7674E-01;2,9351E-01
348;0,92472;4,7511E-01;2,9306E-01
348,5;0,93721;4,8336E-01;2,9884E-01
349;0,89900;4,6564E-01;2,8864E-01
349,5;0,91969;4,7805E-01;2,9720E-01
350;1,01220;5,2798E-01;3,2913E-01
350,5;1,08490;5,6741E-01;3,5471E-01
351;1,05340;5,5172E-01;3,4603E-01
351,5;1,01290;5,3022E-01;3,3388E-01
352;0,98383;5,1791E-01;3,2674E-01
352,5;0,92600;4,8962E-01;3,0954E-01
353;0,98012;5,2040E-01;3,2975E-01
353,5;1,07520;5,7228E-01;3,6351E-01
354;1,13460;6,0498E-01;3,8523E-01
354,5;1,14400;6,1156E-01;3,9043E-01
355;1,14060;6,1140E-01;3,9140E-01
355,5;1,09640;5,9028E-01;3,7878E-01
356;1,02500;5,5387E-01;3,5627E-01
356,5;0,95914;5,1942E-01;3,3495E-01
357;0,84200;4,5673E-01;2,9527E-01
357,5;0,85015;4,6215E-01;2,9950E-01
358;0,78916;4,3006E-01;2,7936E-01
358,5;0,73100;3,9926E-01;2,5998E-01
359;0,85805;4,6953E-01;3,0650E-01
359,5;1,03210;5,6549E-01;3,7013E-01
360;1,08900;5,9817E-01;3,9240E-01
360,5;1,02650;5,6531E-01;3,7167E-01
361;0,94150;5,2024E-01;3,4278E-01
361,5;0,91800;5,0956E-01;3,3647E-01
362;0,95800;5,3420E-01;3,5350E-01
362,5;1,04500;5,8510E-01;3,8804E-01
363;1,07100;6,0191E-01;4,0005E-01
363,5;1,03800;5,8541E-01;3,8994E-01
364;1,07160;6,0628E-01;4,0472E-01
364,5;1,05900;6,0058E-01;4,0179E-01
365;1,09700;6,2359E-01;4,1810E-01
365,5;1,20410;6,8628E-01;4,6110E-01
366;1,28600;7,3532E-01;4,9508E-01
366,5;1,28430;7,3658E-01;4,9694E-01
367;1,25770;7,2285E-01;4,8869E-01
367,5;1,23170;7,0914E-01;4,8041E-01
368;1,15700;6,6759E-01;4,5319E-01
368,5;1,14590;6,6310E-01;4,5106E-01
369;1,19440;6,9315E-01;4,7244E-01
369,5;1,27950;7,4469E-01;5,0856E-01
370;1,29340;7,5507E-01;5,1666E-01
370,5;1,16600;6,8261E-01;4,6798E-01
371;1,18110;6,9338E-01;4,7628E-01
371,5;1,22490;7,2051E-01;4,9587E-01
372;1,14440;6,7444E-01;4,6506E-01
372,5;1,08760;6,4253E-01;4,4389E-01
373;1,04450;6,1886E-01;4,2833E-01
373,5;0,93900;5,5786E-01;3,8682E-01
374;0,93442;5,5640E-01;3,8651E-01
374,5;0,92500;5,5227E-01;3,8435E-01
375;0,98500;5,8930E-01;4,1087E-01
375,5;1,08740;6,5162E-01;4,5514E-01
376;1,12400;6,7480E-01;4,7218E-01
376,5;1,10400;6,6390E-01;4,6538E-01
377;1,18130;7,1225E-01;5,0014E-01
377,5;1,31490;7,9455E-01;5,5890E-01
378;1,41440;8,5595E-01;6,0314E-01
378,5;1,37650;8,3418E-01;5,8892E-01
379;1,22600;7,4389E-01;5,2616E-01
379,5;1,09800;6,6683E-01;4,7255E-01
380;1,15200;7,0077E-01;4,9751E-01
380,5;1,23100;7,5075E-01;5,3396E-01
381;1,24900;7,6383E-01;5,4424E-01
381,5;1,12240;6,8837E-01;4,9135E-01
382;0,95426;5,8678E-01;4,1958E-01
382,5;0,82313;5,0762E-01;3,6361E-01
383;0,73603;4,5499E-01;3,2648E-01
383,5;0,71095;4,4049E-01;3,1658E-01
384;0,82100;5,0968E-01;3,6689E-01
384,5;0,98620;6,1359E-01;4,4239E-01
385;1,08020;6,7355E-01;4,8638E-01
385,5;1,02960;6,4363E-01;4,6549E-01
386;0,99113;6,2100E-01;4,4984E-01
386,5;1,02790;6,4570E-01;4,6848E-01
387;1,03540;6,5147E-01;4,7343E-01
387,5;1,01860;6,4204E-01;4,6731E-01
388;1,00670;6,3582E-01;4,6350E-01
388,5;0,99743;6,3136E-01;4,6096E-01
389;1,08100;6,8543E-01;5,0121E-01
389,5;1,19580;7,5970E-01;5,5637E-01
390;1,25190;7,9699E-01;5,8457E-01
390,5;1,26010;8,0371E-01;5,9038E-01
391;1,33220;8,5138E-01;6,2634E-01
391,5;1,34900;8,6344E-01;6,3617E-01
392;1,24000;7,9493E-01;5,8656E-01
392,5;1,03120;6,6257E-01;4,8961E-01
393;0,74500;4,7975E-01;3,5502E-01
393,5;0,59120;3,8152E-01;2,8272E-01
394;0,76675;4,9567E-01;3,6780E-01
394,5;1,05570;6,8385E-01;5,0811E-01
395;1,24500;8,0772E-01;6,0096E-01
395,5;1,32450;8,6038E-01;6,4101E-01
396;1,16260;7,5655E-01;5,6443E-01
396,5;0,84330;5,5017E-01;4,1101E-01
397;0,65200;4,2619E-01;3,1882E-01
397,5;0,96142;6,2945E-01;4,7151E-01
398;1,30100;8,5249E-01;6,3944E-01
398,5;1,53420;1,0069E+00;7,5622E-01
399;1,62450;1,0693E+00;8,0408E-01
399,5;1,67170;1,1021E+00;8,2980E-01
400;1,68850;1,1141E+00;8,3989E-01
401;1,75200;1,1603E+00;8,7691E-01
402;1,81400;1,2061E+00;9,1387E-01
403;1,74000;1,1613E+00;8,8211E-01
404;1,76300;1,1801E+00;8,9849E-01
405;1,71500;1,1511E+00;8,7849E-01
406;1,66600;1,1227E+00;8,5878E-01
407;1,63000;1,1026E+00;8,4545E-01
408;1,69900;1,1514E+00;8,8488E-01
409;1,80900;1,2299E+00;9,4717E-01
410;1,53700;1,0485E+00;8,0910E-01
411;1,71500;1,1738E+00;9,0770E-01
412;1,81600;1,2478E+00;9,6686E-01
413;1,73920;1,1971E+00;9,2951E-01
414;1,71440;1,1842E+00;9,2134E-01
415;1,76880;1,2258E+00;9,5569E-01
416;1,81500;1,2624E+00;9,8628E-01
417;1,76600;1,2312E+00;9,6392E-01
418;1,68500;1,1777E+00;9,2392E-01
419;1,74900;1,2258E+00;9,6354E-01
420;1,59900;1,1232E+00;8,8467E-01
421;1,81100;1,2757E+00;1,0067E+00
422;1,78200;1,2583E+00;9,9499E-01
423;1,72100;1,2184E+00;9,6531E-01
424;1,70800;1,2117E+00;9,6182E-01
425;1,75500;1,2488E+00;9,9312E-01
426;1,69900;1,2135E+00;9,6667E-01
427;1,63800;1,1724E+00;9,3550E-01
428;1,65100;1,1839E+00;9,4625E-01
429;1,52300;1,0963E+00;8,7766E-01
430;1,21200;8,7462E-01;7,0134E-01
431;1,09900;7,9394E-01;6,3779E-01
432;1,82200;1,3207E+00;1,0628E+00
433;1,69130;1,2288E+00;9,9050E-01
434;1,56000;1,1352E+00;9,1653E-01
435;1,70900;1,2452E+00;1,0070E+00
436;1,86800;1,3659E+00;1,1061E+00
437;1,90000;1,3943E+00;1,1306E+00
438;1,66300;1,2238E+00;9,9368E-01
439;1,60100;1,1775E+00;9,5753E-01
440;1,83000;1,3499E+00;1,0993E+00
441;1,79900;1,3313E+00;1,0859E+00
442;1,92200;1,4250E+00;1,1640E+00
443;1,94900;1,4453E+00;1,1823E+00
444;1,89410;1,4084E+00;1,1537E+00
445;1,96500;1,4619E+00;1,1992E+00
446;1,75570;1,3108E+00;1,0766E+00
447;1,99000;1,4903E+00;1,2257E+00
448;2,01400;1,5081E+00;1,2422E+00
449;2,00100;1,5045E+00;1,2409E+00
450;2,06900;1,5595E+00;1,2881E+00
451;2,14200;1,6173E+00;1,3376E+00
452;2,04700;1,5482E+00;1,2822E+00
453;1,88640;1,4297E+00;1,1854E+00
454;2,01800;1,5335E+00;1,2730E+00
455;2,00100;1,5224E+00;1,2655E+00
456;2,06300;1,5724E+00;1,3088E+00
457;2,07700;1,5854E+00;1,3213E+00
458;2,03200;1,5514E+00;1,2946E+00
459;2,01200;1,5391E+00;1,2859E+00
460;1,99730;1,5291E+00;1,2791E+00
461;2,06390;1,5827E+00;1,3255E+00
462;2,07800;1,5975E+00;1,3392E+00
463;2,08400;1,6031E+00;1,3452E+00
464;2,01500;1,5544E+00;1,3055E+00
465;1,98400;1,5350E+00;1,2905E+00
466;2,02100;1,5673E+00;1,3190E+00
467;1,93100;1,4973E+00;1,2616E+00
468;2,01200;1,5619E+00;1,3178E+00
469;2,01800;1,5682E+00;1,3247E+00
470;1,93900;1,5077E+00;1,2749E+00
471;1,96900;1,5331E+00;1,2975E+00
472;2,07000;1,6126E+00;1,3661E+00
473;1,98820;1,5499E+00;1,3144E+00
474;2,01200;1,5671E+00;1,3304E+00
475;2,08000;1,6185E+00;1,3755E+00
476;2,01200;1,5631E+00;1,3299E+00
477;2,02500;1,5724E+00;1,3392E+00
478;2,08600;1,6230E+00;1,3839E+00
479;2,04000;1,5916E+00;1,3586E+00
480;2,06800;1,6181E+00;1,3825E+00
481;2,06100;1,6177E+00;1,3836E+00
482;2,06230;1,6236E+00;1,3899E+00
483;2,03100;1,6038E+00;1,3742E+00
484;1,98900;1,5734E+00;1,3492E+00
485;1,97900;1,5683E+00;1,3457E+00
486;1,60100;1,2716E+00;1,0918E+00
487;1,78900;1,4241E+00;1,2235E+00
488;1,93500;1,5413E+00;1,3252E+00
489;1,82240;1,4519E+00;1,2492E+00
490;2,03200;1,6224E+00;1,3968E+00
491;1,94900;1,5595E+00;1,3435E+00
492;1,85600;1,4869E+00;1,2818E+00
493;1,98300;1,5903E+00;1,3719E+00
494;1,93390;1,5525E+00;1,3402E+00
495;2,05100;1,6485E+00;1,4238E+00
496;1,94900;1,5676E+00;1,3548E+00
497;1,98000;1,5944E+00;1,3788E+00
498;1,92400;1,5509E+00;1,3421E+00
499;1,92300;1,5507E+00;1,3429E+00
500;1,91600;1,5451E+00;1,3391E+00
501;1,85800;1,4978E+00;1,2990E+00
502;1,86000;1,4966E+00;1,2991E+00
503;1,94900;1,5653E+00;1,3597E+00
504;1,83300;1,4587E+00;1,2682E+00
505;1,94720;1,5635E+00;1,3598E+00
506;2,02500;1,6264E+00;1,4153E+00
507;1,93540;1,5560E+00;1,3548E+00
508;1,88000;1,5165E+00;1,3210E+00
509;1,96500;1,5893E+00;1,3850E+00
510;1,91000;1,5481E+00;1,3497E+00
511;1,94100;1,5769E+00;1,3753E+00
512;1,98900;1,6186E+00;1,4125E+00
513;1,86600;1,5206E+00;1,3277E+00
514;1,82400;1,4885E+00;1,3003E+00
515;1,87500;1,5314E+00;1,3385E+00
516;1,89100;1,5455E+00;1,3514E+00
517;1,53900;1,2594E+00;1,1017E+00
518;1,75900;1,4403E+00;1,2605E+00
519;1,70400;1,3957E+00;1,2222E+00
520;1,86000;1,5236E+00;1,3349E+00
521;1,87300;1,5346E+00;1,3452E+00
522;1,91500;1,5690E+00;1,3760E+00
523;1,80400;1,4789E+00;1,2976E+00
524;1,94100;1,5905E+00;1,3962E+00
525;1,92800;1,5781E+00;1,3859E+00
526;1,87400;1,5341E+00;1,3479E+00
527;1,64100;1,3417E+00;1,1795E+00
528;1,88000;1,5357E+00;1,3508E+00
529;1,96900;1,6071E+00;1,4142E+00
530;1,89200;1,5446E+00;1,3598E+00
531;1,99500;1,6292E+00;1,4348E+00
532;1,95800;1,5998E+00;1,4094E+00
533;1,74700;1,4286E+00;1,2590E+00
534;1,86900;1,5302E+00;1,3491E+00
535;1,89500;1,5535E+00;1,3701E+00
536;1,97400;1,6199E+00;1,4292E+00
537;1,82400;1,4989E+00;1,3229E+00
538;1,91300;1,5738E+00;1,3896E+00
539;1,86400;1,5352E+00;1,3558E+00
540;1,80000;1,4825E+00;1,3096E+00
541;1,73400;1,4251E+00;1,2595E+00
542;1,88800;1,5511E+00;1,3714E+00
543;1,85100;1,5256E+00;1,3493E+00
544;1,91900;1,5792E+00;1,3971E+00
545;1,87400;1,5435E+00;1,3657E+00
546;1,86090;1,5291E+00;1,3536E+00
547;1,88200;1,5490E+00;1,3717E+00
548;1,82600;1,5049E+00;1,3331E+00
549;1,88000;1,5520E+00;1,3752E+00
550;1,86300;1,5399E+00;1,3648E+00
551;1,85900;1,5382E+00;1,3639E+00
552;1,89600;1,5697E+00;1,3923E+00
553;1,84200;1,5250E+00;1,3533E+00
554;1,87800;1,5549E+00;1,3802E+00
555;1,88900;1,5634E+00;1,3883E+00
556;1,85700;1,5366E+00;1,3651E+00
557;1,81200;1,4988E+00;1,3321E+00
558;1,85300;1,5310E+00;1,3613E+00
559;1,75500;1,4483E+00;1,2885E+00
560;1,78600;1,4740E+00;1,3118E+00
561;1,89000;1,5595E+00;1,3885E+00
562;1,80100;1,4847E+00;1,3225E+00
563;1,87100;1,5408E+00;1,3731E+00
564;1,83600;1,5106E+00;1,3466E+00
565;1,84900;1,5201E+00;1,3555E+00
566;1,75000;1,4374E+00;1,2823E+00
567;1,86800;1,5320E+00;1,3673E+00
568;1,85900;1,5180E+00;1,3554E+00
569;1,83100;1,4807E+00;1,3228E+00
570;1,82800;1,4816E+00;1,3240E+00
571;1,76200;1,4331E+00;1,2810E+00
572;1,87200;1,5134E+00;1,3534E+00
573;1,88100;1,5198E+00;1,3595E+00
574;1,87300;1,5119E+00;1,3527E+00
575;1,83400;1,4777E+00;1,3225E+00
576;1,81800;1,4654E+00;1,3118E+00
577;1,86200;1,5023E+00;1,3452E+00
578;1,79900;1,4560E+00;1,3040E+00
579;1,81600;1,4770E+00;1,3230E+00
580;1,83400;1,5020E+00;1,3455E+00
581;1,83300;1,5089E+00;1,3518E+00
582;1,85200;1,5320E+00;1,3729E+00
583;1,86300;1,5479E+00;1,3872E+00
584;1,85400;1,5448E+00;1,3845E+00
585;1,83600;1,5324E+00;1,3737E+00
586;1,79200;1,4953E+00;1,3409E+00
587;1,83800;1,5281E+00;1,3708E+00
588;1,82100;1,4934E+00;1,3403E+00
589;1,62400;1,2894E+00;1,1582E+00
590;1,72180;1,3709E+00;1,2316E+00
591;1,80900;1,4662E+00;1,3171E+00
592;1,78800;1,4354E+00;1,2900E+00
593;1,79200;1,4561E+00;1,3086E+00
594;1,78900;1,4491E+00;1,3029E+00
595;1,77800;1,4308E+00;1,2870E+00
596;1,79600;1,4745E+00;1,3260E+00
597;1,80600;1,4788E+00;1,3303E+00
598;1,77200;1,4607E+00;1,3142E+00
599;1,76400;1,4606E+00;1,3145E+00
600;1,77000;1,4753E+00;1,3278E+00
601;1,74200;1,4579E+00;1,3123E+00
602;1,71500;1,4360E+00;1,2928E+00
603;1,74900;1,4664E+00;1,3205E+00
604;1,77900;1,4921E+00;1,3439E+00
605;1,77300;1,4895E+00;1,3418E+00
606;1,75800;1,4822E+00;1,3353E+00
607;1,76200;1,4911E+00;1,3434E+00
608;1,75100;1,4862E+00;1,3392E+00
609;1,73400;1,4749E+00;1,3292E+00
610;1,72400;1,4686E+00;1,3237E+00
611;1,71200;1,4611E+00;1,3170E+00
612;1,73600;1,4831E+00;1,3370E+00
613;1,71000;1,4621E+00;1,3182E+00
614;1,65500;1,4176E+00;1,2783E+00
615;1,71200;1,4697E+00;1,3254E+00
616;1,66400;1,4310E+00;1,2906E+00
617;1,64100;1,4128E+00;1,2744E+00
618;1,70200;1,4664E+00;1,3228E+00
619;1,70900;1,4733E+00;1,3292E+00
620;1,71100;1,4739E+00;1,3299E+00
621;1,72400;1,4802E+00;1,3359E+00
622;1,67840;1,4269E+00;1,2882E+00
623;1,68200;1,4165E+00;1,2793E+00
624;1,66700;1,4118E+00;1,2751E+00
625;1,64400;1,4026E+00;1,2667E+00
626;1,64000;1,4012E+00;1,2655E+00
627;1,69300;1,4417E+00;1,3022E+00
628;1,69300;1,3631E+00;1,2328E+00
629;1,68700;1,4114E+00;1,2758E+00
630;1,66500;1,3924E+00;1,2589E+00
631;1,65900;1,4161E+00;1,2799E+00
632;1,59010;1,3638E+00;1,2327E+00
633;1,67400;1,4508E+00;1,3110E+00
634;1,63700;1,4284E+00;1,2907E+00
635;1,65200;1,4458E+00;1,3065E+00
636;1,60930;1,4128E+00;1,2768E+00
637;1,66100;1,4610E+00;1,3204E+00
638;1,66500;1,4707E+00;1,3292E+00
639;1,65300;1,4646E+00;1,3238E+00
640;1,61300;1,4340E+00;1,2962E+00
641;1,61000;1,4348E+00;1,2970E+00
642;1,60900;1,4376E+00;1,2995E+00
643;1,62500;1,4525E+00;1,3130E+00
644;1,61400;1,4462E+00;1,3074E+00
645;1,62700;1,4567E+00;1,3170E+00
646;1,59100;1,4150E+00;1,2797E+00
647;1,60600;1,4086E+00;1,2744E+00
648;1,60200;1,3952E+00;1,2625E+00
649;1,55100;1,3519E+00;1,2234E+00
650;1,52600;1,3594E+00;1,2299E+00
651;1,61300;1,4447E+00;1,3071E+00
652;1,59100;1,3871E+00;1,2558E+00
653;1,59800;1,4311E+00;1,2950E+00
654;1,57500;1,4153E+00;1,2807E+00
655;1,52300;1,3499E+00;1,2220E+00
656;1,32330;1,1851E+00;1,0727E+00
657;1,38400;1,2393E+00;1,1218E+00
658;1,53900;1,3855E+00;1,2540E+00
659;1,54200;1,3905E+00;1,2586E+00
660;1,55800;1,3992E+00;1,2668E+00
661;1,56600;1,3933E+00;1,2618E+00
662;1,57100;1,3819E+00;1,2518E+00
663;1,56300;1,3844E+00;1,2539E+00
664;1,55400;1,3967E+00;1,2647E+00
665;1,56700;1,4214E+00;1,2871E+00
666;1,55500;1,4203E+00;1,2860E+00
667;1,53540;1,4102E+00;1,2767E+00
668;1,53480;1,4150E+00;1,2810E+00
669;1,55800;1,4394E+00;1,3032E+00
670;1,53400;1,4196E+00;1,2853E+00
671;1,52900;1,4169E+00;1,2829E+00
672;1,50600;1,3972E+00;1,2651E+00
673;1,51700;1,4094E+00;1,2760E+00
674;1,51300;1,4074E+00;1,2742E+00
675;1,49900;1,3958E+00;1,2639E+00
676;1,51500;1,4120E+00;1,2786E+00
677;1,50000;1,3991E+00;1,2669E+00
678;1,50700;1,4066E+00;1,2737E+00
679;1,49300;1,3947E+00;1,2629E+00
680;1,49400;1,3969E+00;1,2650E+00
681;1,48700;1,3915E+00;1,2601E+00
682;1,49300;1,3981E+00;1,2662E+00
683;1,47600;1,3830E+00;1,2526E+00
684;1,46600;1,3739E+00;1,2445E+00
685;1,46500;1,3748E+00;1,2454E+00
686;1,43300;1,3438E+00;1,2174E+00
687;1,47200;9,6824E-01;8,8285E-01
688;1,47600;1,1206E+00;1,0195E+00
689;1,47800;1,1278E+00;1,0260E+00
690;1,47900;1,1821E+00;1,0746E+00
691;1,46800;1,2333E+00;1,1201E+00
692;1,45400;1,2689E+00;1,1516E+00
693;1,45800;1,2609E+00;1,1446E+00
694;1,45700;1,2464E+00;1,1318E+00
695;1,43500;1,2714E+00;1,1538E+00
696;1,44200;1,2684E+00;1,1513E+00
697;1,43800;1,3403E+00;1,2151E+00
698;1,41700;1,3192E+00;1,1961E+00
699;1,43400;1,2918E+00;1,1721E+00
700;1,42200;1,2823E+00;1,1636E+00
701;1,41310;1,2659E+00;1,1489E+00
702;1,39870;1,2674E+00;1,1500E+00
703;1,40950;1,2747E+00;1,1567E+00
704;1,41870;1,3078E+00;1,1864E+00
705;1,43300;1,3214E+00;1,1989E+00
706;1,41380;1,3144E+00;1,1925E+00
707;1,40400;1,3090E+00;1,1875E+00
708;1,39900;1,3048E+00;1,1839E+00
709;1,39000;1,3095E+00;1,1880E+00
710;1,40400;1,3175E+00;1,1954E+00
711;1,39700;1,3155E+00;1,1934E+00
712;1,38180;1,3071E+00;1,1856E+00
713;1,37020;1,2918E+00;1,1719E+00
714;1,38190;1,3029E+00;1,1823E+00
715;1,35020;1,2587E+00;1,1428E+00
716;1,36940;1,2716E+00;1,1548E+00
717;1,36500;1,1071E+00;1,0081E+00
718;1,35700;1,0296E+00;9,3873E-01
719;1,30100;9,2318E-01;8,4274E-01
720;1,34870;9,8550E-01;8,9940E-01
721;1,34800;1,0861E+00;9,8967E-01
722;1,36000;1,2407E+00;1,1281E+00
723;1,35100;1,1444E+00;1,0423E+00
724;1,36070;1,0555E+00;9,6305E-01
725;1,34650;1,0380E+00;9,4741E-01
726;1,34290;1,0813E+00;9,8638E-01
727;1,34440;1,0850E+00;9,8988E-01
728;1,33700;1,0400E+00;9,4968E-01
729;1,27960;1,0466E+00;9,5503E-01
730;1,33570;1,1285E+00;1,0294E+00
731;1,31040;1,0703E+00;9,7702E-01
732;1,33330;1,1534E+00;1,0520E+00
733;1,31080;1,1962E+00;1,0901E+00
734;1,33900;1,2357E+00;1,1261E+00
735;1,32710;1,2178E+00;1,1101E+00
736;1,31000;1,2059E+00;1,0994E+00
737;1,31200;1,2039E+00;1,0978E+00
738;1,30000;1,2269E+00;1,1184E+00
739;1,26460;1,1905E+00;1,0855E+00
740;1,28300;1,2195E+00;1,1119E+00
741;1,27070;1,2148E+00;1,1078E+00
742;1,26490;1,2153E+00;1,1084E+00
743;1,28920;1,2405E+00;1,1316E+00
744;1,29550;1,2503E+00;1,1408E+00
745;1,29200;1,2497E+00;1,1404E+00
746;1,28920;1,2470E+00;1,1381E+00
747;1,28900;1,2477E+00;1,1389E+00
748;1,28080;1,2401E+00;1,1323E+00
749;1,27600;1,2357E+00;1,1286E+00
750;1,27400;1,2341E+00;1,1273E+00
751;1,26800;1,2286E+00;1,1224E+00
752;1,27200;1,2330E+00;1,1265E+00
753;1,26500;1,2266E+00;1,1210E+00
754;1,28090;1,2420E+00;1,1353E+00
755;1,27710;1,2383E+00;1,1321E+00
756;1,26100;1,2232E+00;1,1185E+00
757;1,25980;1,2221E+00;1,1176E+00
758;1,26800;1,2295E+00;1,1246E+00
759;1,25000;1,1945E+00;1,0932E+00
760;1,25900;2,6604E-01;2,4716E-01
761;1,24870;1,5396E-01;1,4328E-01
762;1,24600;6,8766E-01;6,3491E-01
763;1,25430;3,7952E-01;3,5217E-01
764;1,25660;5,3878E-01;4,9885E-01
765;1,24520;6,8601E-01;6,3377E-01
766;1,20000;8,1461E-01;7,5080E-01
767;1,21200;9,7417E-01;8,9574E-01
768;1,23100;1,1138E+00;1,0222E+00
769;1,21420;1,1278E+00;1,0347E+00
770;1,21460;1,1608E+00;1,0646E+00
771;1,20730;1,1686E+00;1,0716E+00
772;1,21200;1,1778E+00;1,0802E+00
773;1,21000;1,1771E+00;1,0797E+00
774;1,20900;1,1771E+00;1,0800E+00
775;1,20800;1,1771E+00;1,0801E+00
776;1,21020;1,1798E+00;1,0827E+00
777;1,20280;1,1727E+00;1,0764E+00
778;1,20140;1,1713E+00;1,0754E+00
779;1,20670;1,1765E+00;1,0803E+00
780;1,19300;1,1636E+00;1,0687E+00
781;1,18980;1,1607E+00;1,0662E+00
782;1,19500;1,1662E+00;1,0714E+00
783;1,18960;1,1614E+00;1,0672E+00
784;1,18100;1,1536E+00;1,0602E+00
785;1,18740;1,1586E+00;1,0649E+00
786;1,18900;1,1592E+00;1,0656E+00
787;1,18770;1,1450E+00;1,0530E+00
788;1,18000;1,1305E+00;1,0399E+00
789;1,18120;1,1257E+00;1,0359E+00
790;1,17040;1,0910E+00;1,0045E+00
791;1,16320;1,1058E+00;1,0179E+00
792;1,15000;1,0953E+00;1,0084E+00
793;1,14490;1,0875E+00;1,0015E+00
794;1,12600;1,0972E+00;1,0101E+00
795;1,12800;1,0932E+00;1,0066E+00
796;1,14270;1,0742E+00;9,8985E-01
797;1,15800;1,0913E+00;1,0057E+00
798;1,15010;1,1121E+00;1,0245E+00
799;1,13500;1,0905E+00;1,0048E+00
800;1,12480;1,0725E+00;9,8859E-01
801;1,14270;1,0843E+00;9,9978E-01
802;1,14220;1,0856E+00;1,0011E+00
803;1,12410;1,0657E+00;9,8288E-01
804;1,13420;1,0782E+00;9,9452E-01
805;1,10010;1,0545E+00;9,7270E-01
806;1,13090;1,0974E+00;1,0122E+00
807;1,12300;1,0859E+00;1,0018E+00
808;1,11620;1,0821E+00;9,9844E-01
809;1,09800;1,0548E+00;9,7353E-01
810;1,11000;1,0559E+00;9,7488E-01
811;1,11430;1,0533E+00;9,7273E-01
812;1,11600;1,0268E+00;9,4882E-01
813;1,11800;1,0086E+00;9,3236E-01
814;1,11740;9,0356E-01;8,3681E-01
815;1,10910;8,9523E-01;8,2927E-01
816;1,10500;8,3216E-01;7,7171E-01
817;1,10830;8,5183E-01;7,8984E-01
818;1,08610;8,2259E-01;7,6299E-01
819;1,07380;9,0519E-01;8,3844E-01
820;1,07400;8,6188E-01;7,9899E-01
821;1,07600;9,9764E-01;9,2292E-01
822;1,05600;9,5157E-01;8,8081E-01
823;1,07600;6,7271E-01;6,2576E-01
824;1,07150;9,3506E-01;8,6619E-01
825;1,06990;9,6935E-01;8,9752E-01
826;1,07590;9,3381E-01;8,6530E-01
827;1,07620;9,8465E-01;9,1178E-01
828;1,07490;8,4979E-01;7,8870E-01
829;1,06200;9,2930E-01;8,6135E-01
830;1,05630;9,1601E-01;8,4930E-01
831;1,05600;9,2392E-01;8,5666E-01
832;1,05500;8,9426E-01;8,2961E-01
833;1,03270;9,5650E-01;8,8622E-01
834;1,04590;9,3412E-01;8,6608E-01
835;1,04760;1,0032E+00;9,2917E-01
836;1,05970;9,7234E-01;9,0135E-01
837;1,05110;1,0092E+00;9,3493E-01
838;1,05490;9,9901E-01;9,2585E-01
839;1,04000;1,0013E+00;9,2783E-01
840;1,05000;1,0157E+00;9,4124E-01
841;1,05200;1,0101E+00;9,3626E-01
842;1,02870;9,9703E-01;9,2411E-01
843;1,02710;1,0053E+00;9,3171E-01
844;1,01400;9,8631E-01;9,1434E-01
845;1,03600;1,0165E+00;9,4226E-01
846;1,03700;1,0187E+00;9,4447E-01
847;1,00600;9,9170E-01;9,1947E-01
848;1,01100;9,9217E-01;9,2010E-01
849;1,00500;9,8596E-01;9,1447E-01
850;0,91000;8,9372E-01;8,2900E-01
851;0,99800;9,7493E-01;9,0454E-01
852;0,99000;9,6927E-01;8,9942E-01
853;0,98100;9,6486E-01;8,9540E-01
854;0,86900;8,5112E-01;7,9000E-01
855;0,92700;9,1300E-01;8,4746E-01
856;0,99017;9,7317E-01;9,0343E-01
857;1,00560;9,9166E-01;9,2059E-01
858;1,00700;9,9196E-01;9,2094E-01
859;1,00500;9,9171E-01;9,2081E-01
860;1,00000;9,8816E-01;9,1764E-01
861;0,99900;9,8679E-01;9,1648E-01
862;1,00600;9,9449E-01;9,2367E-01
863;1,01200;1,0005E+00;9,2934E-01
864;0,99006;9,7916E-01;9,0956E-01
865;0,97354;9,6324E-01;8,9487E-01
866;0,85800;8,4900E-01;7,8882E-01
867;0,92500;9,1546E-01;8,5066E-01
868;0,96900;9,5920E-01;8,9140E-01
869;0,95900;9,4956E-01;8,8252E-01
870;0,97700;9,6755E-01;8,9933E-01
871;0,96317;9,5387E-01;8,8671E-01
872;0,97600;9,6686E-01;8,9887E-01
873;0,96614;9,5721E-01;8,8999E-01
874;0,94913;9,4042E-01;8,7451E-01
875;0,93562;9,2687E-01;8,6204E-01
876;0,96200;9,5277E-01;8,8625E-01
877;0,96500;9,5615E-01;8,8948E-01
878;0,96200;9,5237E-01;8,8607E-01
879;0,94571;9,3656E-01;8,7144E-01
880;0,94856;9,3957E-01;8,7434E-01
881;0,91963;9,0861E-01;8,4563E-01
882;0,94408;9,3245E-01;8,6787E-01
883;0,93930;9,2927E-01;8,6494E-01
884;0,94352;9,3305E-01;8,6859E-01
885;0,95469;9,4423E-01;8,7913E-01
886;0,92558;9,0752E-01;8,4515E-01
887;0,92300;9,1062E-01;8,4799E-01
888;0,94066;9,2228E-01;8,5899E-01
889;0,94367;9,3455E-01;8,7041E-01
890;0,94236;9,2393E-01;8,6078E-01
891;0,93928;9,2584E-01;8,6255E-01
892;0,93259;9,0881E-01;8,4688E-01
893;0,91800;8,7327E-01;8,1412E-01
894;0,92400;8,5130E-01;7,9413E-01
895;0,92600;8,1357E-01;7,5956E-01
896;0,93425;7,6253E-01;7,1265E-01
897;0,92686;6,6566E-01;6,2310E-01
898;0,92378;7,1780E-01;6,7137E-01
899;0,91396;5,4871E-01;5,1461E-01
900;0,91378;7,4260E-01;6,9429E-01
901;0,89834;5,9933E-01;5,6162E-01
902;0,87720;6,6791E-01;6,2500E-01
903;0,92233;6,8889E-01;6,4483E-01
904;0,92100;8,4457E-01;7,8862E-01
905;0,91800;8,1709E-01;7,6337E-01
906;0,90780;7,7558E-01;7,2502E-01
907;0,91450;6,3854E-01;5,9833E-01
908;0,90143;6,5217E-01;6,1091E-01
909;0,88552;7,0431E-01;6,5912E-01
910;0,89496;6,2467E-01;5,8553E-01
911;0,89730;6,6808E-01;6,2580E-01
912;0,89016;6,8893E-01;6,4508E-01
913;0,90020;6,2834E-01;5,8906E-01
914;0,89820;6,2649E-01;5,8740E-01
915;0,88830;6,7836E-01;6,3550E-01
916;0,89470;5,7646E-01;5,4099E-01
917;0,88860;7,3017E-01;6,8350E-01
918;0,88810;5,9271E-01;5,5612E-01
919;0,89210;7,3877E-01;6,9161E-01
920;0,88540;7,4414E-01;6,9657E-01
921;0,87030;7,8049E-01;7,3004E-01
922;0,86280;7,0026E-01;6,5584E-01
923;0,83335;7,4504E-01;6,9698E-01
924;0,86957;7,2150E-01;6,7571E-01
925;0,87642;7,1110E-01;6,6621E-01
926;0,84561;7,0331E-01;6,5875E-01
927;0,87809;7,8742E-01;7,3684E-01
928;0,87110;5,8968E-01;5,5363E-01
929;0,86954;5,5127E-01;5,1792E-01
930;0,86866;4,3210E-01;4,0679E-01
931;0,87078;4,0921E-01;3,8540E-01
932;0,86514;3,0086E-01;2,8386E-01
933;0,86958;2,4841E-01;2,3459E-01
934;0,86709;1,4380E-01;1,3604E-01
935;0,85601;2,5084E-01;2,3690E-01
936;0,85222;1,6142E-01;1,5267E-01
937;0,85368;1,6338E-01;1,5453E-01
938;0,85936;2,0058E-01;1,8962E-01
939;0,85676;3,9887E-01;3,7591E-01
940;0,84000;4,7181E-01;4,4411E-01
941;0,83153;3,7195E-01;3,5071E-01
942;0,80616;4,0532E-01;3,8192E-01
943;0,83814;2,7834E-01;2,6289E-01
944;0,81854;2,8579E-01;2,6987E-01
945;0,82441;3,6821E-01;3,4729E-01
946;0,83138;1,9461E-01;1,8409E-01
947;0,82809;3,7112E-01;3,5010E-01
948;0,83137;2,7423E-01;2,5911E-01
949;0,83303;4,9396E-01;4,6514E-01
950;0,82867;1,4726E-01;1,3944E-01
951;0,82019;4,8378E-01;4,5563E-01
952;0,82402;2,6891E-01;2,5418E-01
953;0,82050;3,4362E-01;3,2442E-01
954;0,81200;4,2411E-01;3,9988E-01
955;0,76900;3,4117E-01;3,2204E-01
956;0,80200;3,2821E-01;3,0996E-01
957;0,80583;2,7067E-01;2,5591E-01
958;0,81147;4,6101E-01;4,3453E-01
959;0,81483;3,7385E-01;3,5294E-01
960;0,80627;4,2066E-01;3,9685E-01
961;0,79982;4,6120E-01;4,3481E-01
962;0,80173;4,4174E-01;4,1664E-01
963;0,79761;5,0503E-01;4,7585E-01
964;0,78808;4,5860E-01;4,3242E-01
965;0,79579;5,0374E-01;4,7469E-01
966;0,78598;5,0275E-01;4,7377E-01
967;0,79503;5,0240E-01;4,7353E-01
968;0,78526;6,5210E-01;6,1301E-01
969;0,78789;6,8622E-01;6,4480E-01
970;0,79140;6,3461E-01;5,9689E-01
971;0,78186;7,1397E-01;6,7059E-01
972;0,78785;6,8765E-01;6,4629E-01
973;0,78149;6,0648E-01;5,7081E-01
974;0,76882;5,7529E-01;5,4170E-01
975;0,77348;5,8987E-01;5,5536E-01
976;0,78054;5,7191E-01;5,3872E-01
977;0,77208;6,3864E-01;6,0084E-01
978;0,77800;6,1509E-01;5,7903E-01
979;0,76650;6,3815E-01;6,0046E-01
980;0,77512;6,0468E-01;5,6941E-01
981;0,77300;7,1338E-01;6,7058E-01
982;0,77879;6,9218E-01;6,5102E-01
983;0,77541;6,6865E-01;6,2915E-01
984;0,76881;7,3732E-01;6,9290E-01
985;0,77081;6,8817E-01;6,4734E-01
986;0,76620;7,5083E-01;7,0553E-01
987;0,76606;7,3928E-01;6,9489E-01
988;0,76368;7,3462E-01;6,9059E-01
989;0,75500;7,4906E-01;7,0391E-01
990;0,75694;7,3227E-01;6,8843E-01
991;0,76161;7,5358E-01;7,0833E-01
992;0,75714;7,5102E-01;7,0597E-01
993;0,75639;7,3728E-01;6,9325E-01
994;0,75851;7,5410E-01;7,0891E-01
995;0,75392;7,5176E-01;7,0673E-01
996;0,75347;7,4884E-01;7,0409E-01
997;0,74300;7,3971E-01;6,9555E-01
998;0,74300;7,3887E-01;6,9481E-01
999;0,74200;7,3857E-01;6,9455E-01
1000;0,74255;7,3532E-01;6,9159E-01
1001;0,74741;7,4442E-01;7,0013E-01
1002;0,74677;7,2805E-01;6,8498E-01
1003;0,73836;7,3442E-01;6,9086E-01
1004;0,73133;7,2336E-01;6,8056E-01
1005;0,68365;6,8174E-01;6,4140E-01
1006;0,71770;7,1252E-01;6,7047E-01
1007;0,73093;7,2753E-01;6,8463E-01
1008;0,73339;7,2685E-01;6,8407E-01
1009;0,72934;7,1972E-01;6,7742E-01
1010;0,73055;7,1914E-01;6,7695E-01
1011;0,72562;7,2278E-01;6,8034E-01
1012;0,72496;7,1877E-01;6,7667E-01
1013;0,71960;7,1761E-01;6,7556E-01
1014;0,72265;7,2068E-01;6,7848E-01
1015;0,71062;7,0817E-01;6,6676E-01
1016;0,71419;7,1129E-01;6,6976E-01
1017;0,70659;7,0337E-01;6,6237E-01
1018;0,71566;7,1422E-01;6,7263E-01
1019;0,69606;6,8878E-01;6,4880E-01
1020;0,70127;6,9896E-01;6,5839E-01
1021;0,70300;7,0175E-01;6,6107E-01
1022;0,69300;6,8970E-01;6,4980E-01
1023;0,69900;6,9508E-01;6,5490E-01
1024;0,70057;6,9058E-01;6,5077E-01
1025;0,69918;6,9753E-01;6,5727E-01
1026;0,69943;6,9636E-01;6,5625E-01
1027;0,69594;6,9305E-01;6,5318E-01
1028;0,69722;6,9385E-01;6,5398E-01
1029;0,69000;6,8628E-01;6,4687E-01
1030;0,69208;6,9055E-01;6,5092E-01
1031;0,68985;6,8736E-01;6,4799E-01
1032;0,68960;6,8787E-01;6,4852E-01
1033;0,67800;6,7613E-01;6,3751E-01
1034;0,68181;6,8015E-01;6,4136E-01
1035;0,68400;6,8234E-01;6,4348E-01
1036;0,68431;6,8202E-01;6,4323E-01
1037;0,67731;6,7497E-01;6,3664E-01
1038;0,67400;6,7172E-01;6,3361E-01
1039;0,67900;6,7636E-01;6,3802E-01
1040;0,67440;6,7170E-01;6,3366E-01
1041;0,67490;6,7176E-01;6,3379E-01
1042;0,67516;6,7200E-01;6,3406E-01
1043;0,66860;6,6525E-01;6,2773E-01
1044;0,67199;6,6833E-01;6,3067E-01
1045;0,66846;6,6452E-01;6,2712E-01
1046;0,65131;6,4714E-01;6,1078E-01
1047;0,66155;6,5694E-01;6,2008E-01
1048;0,66781;6,6274E-01;6,2559E-01
1049;0,66491;6,5896E-01;6,2206E-01
1050;0,66117;6,5463E-01;6,1802E-01
1051;0,66182;6,5521E-01;6,1862E-01
1052;0,65848;6,5118E-01;6,1487E-01
1053;0,65698;6,4919E-01;6,1302E-01
1054;0,65474;6,4646E-01;6,1048E-01
1055;0,65753;6,4847E-01;6,1242E-01
1056;0,65629;6,4641E-01;6,1055E-01
1057;0,65540;6,4482E-01;6,0910E-01
1058;0,64937;6,3818E-01;6,0286E-01
1059;0,63046;6,1875E-01;5,8453E-01
1060;0,64831;6,3585E-01;6,0073E-01
1061;0,63387;6,2121E-01;5,8694E-01
1062;0,64651;6,3266E-01;5,9782E-01
1063;0,63669;6,2239E-01;5,8815E-01
1064;0,64621;6,3196E-01;5,9722E-01
1065;0,64533;6,2913E-01;5,9461E-01
1066;0,63139;6,1713E-01;5,8330E-01
1067;0,63517;6,2032E-01;5,8637E-01
1068;0,63591;6,1944E-01;5,8561E-01
1069;0,60084;5,8626E-01;5,5428E-01
1070;0,62165;6,0469E-01;5,7178E-01
1071;0,62821;6,1661E-01;5,8304E-01
1072;0,63131;6,1536E-01;5,8194E-01
1073;0,61796;6,0363E-01;5,7086E-01
1074;0,63063;6,2158E-01;5,8780E-01
1075;0,61768;5,9252E-01;5,6054E-01
1076;0,62468;6,1471E-01;5,8141E-01
1077;0,62426;6,0434E-01;5,7175E-01
1078;0,62531;6,0321E-01;5,7076E-01
1079;0,61203;6,0474E-01;5,7210E-01
1080;0,62250;5,9722E-01;5,6519E-01
1081;0,60726;5,8083E-01;5,4973E-01
1082;0,60249;5,8940E-01;5,5773E-01
1083;0,60900;5,9814E-01;5,6603E-01
1084;0,61392;5,7852E-01;5,4775E-01
1085;0,61181;5,9330E-01;5,6163E-01
1086;0,61570;5,5410E-01;5,2496E-01
1087;0,59145;5,6697E-01;5,3685E-01
1088;0,60728;5,9317E-01;5,6159E-01
1089;0,60908;5,7919E-01;5,4856E-01
1090;0,60442;5,5573E-01;5,2656E-01
1091;0,60799;5,8835E-01;5,5722E-01
1092;0,59692;5,8124E-01;5,5048E-01
1093;0,59221;5,1058E-01;4,8417E-01
1094;0,56065;5,3965E-01;5,1120E-01
1095;0,58252;5,2067E-01;4,9363E-01
1096;0,58600;5,0323E-01;4,7731E-01
1097;0,59100;5,7852E-01;5,4805E-01
1098;0,58700;5,0291E-01;4,7709E-01
1099;0,58216;5,0772E-01;4,8161E-01
1100;0,60000;4,8577E-01;4,6113E-01
1101;0,59900;4,9696E-01;4,7169E-01
1102;0,58202;4,6883E-01;4,4513E-01
1103;0,59500;4,6637E-01;4,4291E-01
1104;0,59300;4,6765E-01;4,4412E-01
1105;0,59100;5,0644E-01;4,8065E-01
1106;0,59000;3,9792E-01;3,7840E-01
1107;0,58600;4,8304E-01;4,5866E-01
1108;0,58650;4,1565E-01;3,9517E-01
1109;0,58550;4,1278E-01;3,9249E-01
1110;0,58700;4,7899E-01;4,5496E-01
1111;0,58250;3,3154E-01;3,1572E-01
1112;0,58342;4,1357E-01;3,9330E-01
1113;0,57800;2,6850E-01;2,5599E-01
1114;0,58400;2,9985E-01;2,8576E-01
1115;0,58200;2,4987E-01;2,3833E-01
1116;0,57500;2,0136E-01;1,9223E-01
1117;0,58300;7,9618E-02;7,6164E-02
1118;0,57222;2,1753E-01;2,0763E-01
1119;0,57151;1,1317E-01;1,0821E-01
1120;0,56850;1,4189E-01;1,3562E-01
1121;0,57200;1,8586E-01;1,7753E-01
1122;0,57500;8,1686E-02;7,8159E-02
1123;0,57400;1,2817E-01;1,2255E-01
1124;0,57250;1,0870E-01;1,0397E-01
1125;0,57012;1,4428E-01;1,3794E-01
1126;0,55300;5,1589E-02;4,9394E-02
1127;0,56179;1,5725E-01;1,5032E-01
1128;0,56829;9,9224E-02;9,4946E-02
1129;0,56837;1,0591E-01;1,0133E-01
1130;0,56401;7,0574E-02;6,7568E-02
1131;0,56800;2,9560E-01;2,8201E-01
1132;0,57000;2,3411E-01;2,2359E-01
1133;0,56186;1,5331E-01;1,4661E-01
1134;0,56346;4,1740E-02;3,9988E-02
1135;0,56250;1,5462E-02;1,4819E-02
1136;0,56481;1,2876E-01;1,2320E-01
1137;0,55197;2,8785E-01;2,7472E-01
1138;0,54400;2,0329E-01;1,9428E-01
1139;0,55300;2,9850E-01;2,8484E-01
1140;0,55573;2,5599E-01;2,4447E-01
1141;0,54303;1,9337E-01;1,8486E-01
1142;0,55531;2,2479E-01;2,1481E-01
1143;0,54960;3,1183E-01;2,9758E-01
1144;0,54501;1,1326E-01;1,0843E-01
1145;0,55001;1,4604E-01;1,3976E-01
1146;0,55407;1,5764E-01;1,5085E-01
1147;0,55408;5,9176E-02;5,6715E-02
1148;0,55032;2,7113E-01;2,5898E-01
1149;0,54788;2,1854E-01;2,0894E-01
1150;0,54623;1,2164E-01;1,1648E-01
1151;0,54531;2,0340E-01;1,9453E-01
1152;0,54170;2,4762E-01;2,3666E-01
1153;0,54308;2,3812E-01;2,2762E-01
1154;0,54651;1,4248E-01;1,3643E-01
1155;0,54731;3,1316E-01;2,9903E-01
1156;0,54022;2,8090E-01;2,6837E-01
1157;0,54370;3,1458E-01;3,0040E-01
1158;0,54334;3,1171E-01;2,9770E-01
1159;0,53548;3,3693E-01;3,2163E-01
1160;0,52928;2,8648E-01;2,7371E-01
1161;0,51899;3,4753E-01;3,3167E-01
1162;0,53336;3,5002E-01;3,3412E-01
1163;0,53708;4,6857E-01;4,4644E-01
1164;0,52684;4,0188E-01;3,8332E-01
1165;0,53482;3,8860E-01;3,7080E-01
1166;0,52227;3,7494E-01;3,5781E-01
1167;0,52984;4,0996E-01;3,9105E-01
1168;0,53415;4,1954E-01;4,0018E-01
1169;0,51640;4,2310E-01;4,0348E-01
1170;0,52875;4,5873E-01;4,3731E-01
1171;0,53074;4,4831E-01;4,2750E-01
1172;0,53063;4,5483E-01;4,3370E-01
1173;0,52686;4,5642E-01;4,3522E-01
1174;0,52760;3,3692E-01;3,2193E-01
1175;0,51852;4,5240E-01;4,3142E-01
1176;0,51036;4,7679E-01;4,5447E-01
1177;0,52296;4,7235E-01;4,5040E-01
1178;0,51703;3,6000E-01;3,4391E-01
1179;0,51504;4,8371E-01;4,6114E-01
1180;0,52199;4,4069E-01;4,2052E-01
1181;0,51843;4,5514E-01;4,3423E-01
1182;0,51743;3,2318E-01;3,0903E-01
1183;0,48821;4,3870E-01;4,1853E-01
1184;0,51098;4,1985E-01;4,0083E-01
1185;0,51605;4,0741E-01;3,8908E-01
1186;0,51519;4,7715E-01;4,5518E-01
1187;0,51455;4,5575E-01;4,3494E-01
1188;0,51012;3,3504E-01;3,2039E-01
1189;0,48402;4,1569E-01;3,9685E-01
1190;0,50583;4,6239E-01;4,4124E-01
1191;0,51354;4,4660E-01;4,2638E-01
1192;0,51175;4,7336E-01;4,5171E-01
1193;0,51064;4,5434E-01;4,3370E-01
1194;0,51127;4,6890E-01;4,4751E-01
1195;0,50592;4,4696E-01;4,2671E-01
1196;0,50561;4,3131E-01;4,1188E-01
1197;0,50286;4,7715E-01;4,5527E-01
1198;0,49217;4,3392E-01;4,1426E-01
1199;0,47434;3,6489E-01;3,4869E-01
1200;0,50005;4,4825E-01;4,2789E-01
1201;0,50579;4,3708E-01;4,1735E-01
1202;0,50705;4,3717E-01;4,1743E-01
1203;0,48836;4,3409E-01;4,1441E-01
1204;0,48696;3,6247E-01;3,4645E-01
1205;0,50195;4,3692E-01;4,1714E-01
1206;0,49869;4,8086E-01;4,5872E-01
1207;0,50143;4,2986E-01;4,1044E-01
1208;0,48962;4,3346E-01;4,1379E-01
1209;0,46636;4,1428E-01;3,9548E-01
1210;0,49225;4,5336E-01;4,3267E-01
1211;0,47909;4,2232E-01;4,0319E-01
1212;0,49064;4,2489E-01;4,0572E-01
1213;0,49190;4,6956E-01;4,4804E-01
1214;0,48932;4,3407E-01;4,1443E-01
1215;0,49044;4,2780E-01;4,0851E-01
1216;0,48878;4,6640E-01;4,4509E-01
1217;0,48764;4,5528E-01;4,3457E-01
1218;0,48599;4,5934E-01;4,3842E-01
1219;0,48234;4,4663E-01;4,2639E-01
1220;0,48433;4,5805E-01;4,3724E-01
1221;0,48343;4,6531E-01;4,4413E-01
1222;0,48133;4,5139E-01;4,3096E-01
1223;0,47600;4,4406E-01;4,2400E-01
1224;0,48224;4,4808E-01;4,2788E-01
1225;0,47925;4,6236E-01;4,4141E-01
1226;0,48026;4,6819E-01;4,4696E-01
1227;0,46841;4,3304E-01;4,1360E-01
1228;0,47443;4,6658E-01;4,4544E-01
1229;0,47725;4,6721E-01;4,4608E-01
1230;0,47502;4,6003E-01;4,3928E-01
1231;0,47425;4,7203E-01;4,5067E-01
1232;0,46896;4,6633E-01;4,4525E-01
1233;0,47118;4,5397E-01;4,3359E-01
1234;0,46946;4,7016E-01;4,4893E-01
1235;0,46644;4,6504E-01;4,4409E-01
1236;0,46863;4,6908E-01;4,4795E-01
1237;0,46790;4,6339E-01;4,4259E-01
1238;0,46748;4,6797E-01;4,4694E-01
1239;0,46235;4,6272E-01;4,4194E-01
1240;0,45968;4,6077E-01;4,4011E-01
1241;0,46439;4,6197E-01;4,4130E-01
1242;0,46169;4,6247E-01;4,4179E-01
1243;0,45655;4,5754E-01;4,3712E-01
1244;0,45535;4,5528E-01;4,3499E-01
1245;0,45600;4,5655E-01;4,3622E-01
1246;0,45875;4,5945E-01;4,3902E-01
1247;0,45775;4,5746E-01;4,3715E-01
1248;0,46076;4,5860E-01;4,3828E-01
1249;0,46013;4,5966E-01;4,3930E-01
1250;0,45860;4,5705E-01;4,3684E-01
1251;0,45638;4,5258E-01;4,3260E-01
1252;0,45195;4,5097E-01;4,3106E-01
1253;0,45371;4,4773E-01;4,2803E-01
1254;0,45358;4,4363E-01;4,2416E-01
1255;0,45304;4,5070E-01;4,3088E-01
1256;0,45192;4,4023E-01;4,2096E-01
1257;0,44880;4,3532E-01;4,1630E-01
1258;0,45116;4,4496E-01;4,2549E-01
1259;0,44797;4,2725E-01;4,0868E-01
1260;0,45018;4,3110E-01;4,1235E-01
1261;0,44925;4,1146E-01;3,9371E-01
1262;0,44252;3,9567E-01;3,7867E-01
1263;0,44825;4,0019E-01;3,8300E-01
1264;0,44198;3,7148E-01;3,5568E-01
1265;0,44267;3,9570E-01;3,7871E-01
1266;0,44615;3,8527E-01;3,6881E-01
1267;0,43912;3,8822E-01;3,7159E-01
1268;0,43594;3,7051E-01;3,5475E-01
1269;0,44042;2,4652E-01;2,3656E-01
1270;0,44212;3,8744E-01;3,7087E-01
1271;0,44290;4,0825E-01;3,9062E-01
1272;0,44130;4,0879E-01;3,9114E-01
1273;0,44084;4,0625E-01;3,8874E-01
1274;0,43807;4,0614E-01;3,8864E-01
1275;0,44072;4,1233E-01;3,9455E-01
1276;0,44192;4,1693E-01;3,9895E-01
1277;0,44188;4,2001E-01;4,0191E-01
1278;0,44074;4,2763E-01;4,0916E-01
1279;0,43795;4,2456E-01;4,0626E-01
1280;0,43543;4,2204E-01;4,0387E-01
1281;0,42267;4,1335E-01;3,9554E-01
1282;0,37589;3,7305E-01;3,5695E-01
1283;0,41159;4,0733E-01;3,8978E-01
1284;0,42667;4,2078E-01;4,0268E-01
1285;0,42909;4,2399E-01;4,0577E-01
1286;0,42878;4,2714E-01;4,0878E-01
1287;0,43036;4,2213E-01;4,0405E-01
1288;0,42684;4,1989E-01;4,0192E-01
1289;0,42755;4,0936E-01;3,9194E-01
1290;0,41851;4,1285E-01;3,9522E-01
1291;0,42159;4,1786E-01;4,0004E-01
1292;0,42278;3,9618E-01;3,7946E-01
1293;0,42261;4,1257E-01;3,9506E-01
1294;0,41615;4,0421E-01;3,8709E-01
1295;0,41944;4,0514E-01;3,8801E-01
1296;0,41979;3,8957E-01;3,7322E-01
1297;0,41718;3,7130E-01;3,5583E-01
1298;0,41263;3,9183E-01;3,7536E-01
1299;0,41701;4,0852E-01;3,9127E-01
1300;0,41537;3,5312E-01;3,3855E-01
1301;0,41404;3,6228E-01;3,4728E-01
1302;0,40955;3,9181E-01;3,7539E-01
1303;0,40768;3,4621E-01;3,3197E-01
1304;0,40632;3,0062E-01;2,8849E-01
1305;0,41028;3,8382E-01;3,6783E-01
1306;0,41039;3,8453E-01;3,6853E-01
1307;0,40958;3,0594E-01;2,9362E-01
1308;0,40873;3,4696E-01;3,3277E-01
1309;0,40907;3,8413E-01;3,6822E-01
1310;0,40714;3,0114E-01;2,8908E-01
1311;0,40611;3,3366E-01;3,2012E-01
1312;0,40315;3,3337E-01;3,1986E-01
1313;0,39084;3,1352E-01;3,0089E-01
1314;0,40271;2,8833E-01;2,7690E-01
1315;0,39162;2,8581E-01;2,7447E-01
1316;0,39421;3,2419E-01;3,1113E-01
1317;0,40116;3,1217E-01;2,9969E-01
1318;0,39547;3,3328E-01;3,1984E-01
1319;0,40093;2,6855E-01;2,5803E-01
1320;0,39875;2,5872E-01;2,4864E-01
1321;0,39545;2,9866E-01;2,8684E-01
1322;0,39538;3,0217E-01;2,9023E-01
1323;0,39502;2,3279E-01;2,2386E-01
1324;0,39516;2,6249E-01;2,5231E-01
1325;0,39369;3,2224E-01;3,0943E-01
1326;0,39229;2,8051E-01;2,6956E-01
1327;0,38877;2,6625E-01;2,5593E-01
1328;0,39062;2,3450E-01;2,2555E-01
1329;0,37950;1,7759E-01;1,7097E-01
1330;0,38548;2,2923E-01;2,2052E-01
1331;0,38765;1,4480E-01;1,3951E-01
1332;0,37850;1,4579E-01;1,4046E-01
1333;0,38699;2,0304E-01;1,9545E-01
1334;0,38684;1,6925E-01;1,6302E-01
1335;0,38563;2,3117E-01;2,2244E-01
1336;0,38231;1,8348E-01;1,7670E-01
1337;0,38285;1,6454E-01;1,5852E-01
1338;0,38094;1,7804E-01;1,7151E-01
1339;0,37570;1,7681E-01;1,7033E-01
1340;0,37439;1,6831E-01;1,6216E-01
1341;0,38168;1,7039E-01;1,6419E-01
1342;0,38020;1,7798E-01;1,7149E-01
1343;0,37977;1,2711E-01;1,2259E-01
1344;0,37986;7,5645E-02;7,3018E-02
1345;0,37953;1,0904E-01;1,0521E-01
1346;0,37554;5,8186E-02;5,6189E-02
1347;0,37760;6,0119E-02;5,8058E-02
1348;0,37664;4,7451E-03;4,5862E-03
1349;0,37550;1,6159E-02;1,5617E-02
1350;0,37081;1,6025E-02;1,5488E-02
1351;0,37167;4,6298E-03;4,4759E-03
1352;0,37533;1,5164E-03;1,4661E-03
1353;0,37401;9,6096E-05;9,2918E-05
1354;0,37294;2,9009E-04;2,8051E-04
1355;0,36827;3,6034E-06;3,4847E-06
1356;0,36876;4,8070E-05;4,6489E-05
1357;0,36439;7,1786E-05;6,9429E-05
1358;0,36997;4,1948E-06;4,0575E-06
1359;0,36903;7,3439E-07;7,1040E-07
1360;0,36464;2,1404E-06;2,0706E-06
1361;0,37027;4,8133E-09;4,6566E-09
1362;0,36936;1,8076E-11;1,7489E-11
1363;0,36185;3,1563E-06;3,0540E-06
1364;0,36683;1,3589E-06;1,3150E-06
1365;0,36629;9,0764E-12;8,7833E-12
1366;0,36592;1,2791E-05;1,2379E-05
1367;0,36242;4,9764E-06;4,8161E-06
1368;0,36557;1,4810E-13;1,4311E-13
1369;0,35886;5,1667E-07;5,0008E-07
1370;0,35912;2,9200E-07;2,8266E-07
1371;0,35949;1,9731E-08;1,9101E-08
1372;0,36313;2,7498E-06;2,6623E-06
1373;0,36294;4,4401E-05;4,2991E-05
1374;0,36291;1,7917E-04;1,7350E-04
1375;0,35749;3,2332E-04;3,1309E-04
1376;0,35350;2,5748E-04;2,4935E-04
1377;0,35790;1,2270E-04;1,1883E-04
1378;0,35652;1,1089E-03;1,0741E-03
1379;0,36035;5,2164E-05;5,0533E-05
1380;0,35682;8,1587E-05;7,9042E-05
1381;0,35784;2,3716E-06;2,2978E-06
1382;0,35274;2,5672E-06;2,4874E-06
1383;0,35376;4,4017E-08;4,2653E-08
1384;0,35594;6,1689E-07;5,9782E-07
1385;0,35242;2,0899E-06;2,0255E-06
1386;0,35493;2,5215E-06;2,4441E-06
1387;0,35136;1,9896E-04;1,9288E-04
1388;0,35277;4,0262E-06;3,9037E-06
1389;0,35406;5,8098E-04;5,6338E-04
1390;0,34736;4,9328E-04;4,7836E-04
1391;0,35242;3,4384E-04;3,3345E-04
1392;0,35179;2,3782E-05;2,3065E-05
1393;0,35008;1,1586E-04;1,1238E-04
1394;0,34760;7,5526E-05;7,3268E-05
1395;0,34754;6,7136E-07;6,5137E-07
1396;0,34943;6,3215E-09;6,1338E-09
1397;0,34932;4,9057E-05;4,7605E-05
1398;0,34952;1,2704E-03;1,2329E-03
1399;0,34886;8,1226E-04;7,8835E-04
1400;0,33896;3,2466E-09;3,1513E-09
1401;0,33929;1,0528E-08;1,0219E-08
1402;0,34411;1,8353E-03;1,7817E-03
1403;0,34014;2,3800E-03;2,3108E-03
1404;0,34106;7,3892E-04;7,1755E-04
1405;0,34012;3,6444E-07;3,5395E-07
1406;0,34164;2,0448E-03;1,9861E-03
1407;0,34085;1,7457E-04;1,6957E-04
1408;0,34007;1,6493E-03;1,6023E-03
1409;0,34118;6,1919E-04;6,0159E-04
1410;0,34046;4,6653E-04;4,5332E-04
1411;0,33767;2,1142E-03;2,0544E-03
1412;0,32920;2,6396E-03;2,5650E-03
1413;0,33290;2,3353E-02;2,2690E-02
1414;0,33704;3,6378E-04;3,5359E-04
1415;0,33707;1,8366E-04;1,7854E-04
1416;0,33503;3,5565E-02;3,4561E-02
1417;0,33748;1,1759E-02;1,1431E-02
1418;0,33773;1,3559E-02;1,3182E-02
1419;0,33391;2,1442E-03;2,0851E-03
1420;0,33270;8,2718E-03;8,0437E-03
1421;0,33594;9,1637E-03;8,9117E-03
1422;0,32875;4,6314E-02;4,5023E-02
1423;0,32884;9,2198E-03;8,9676E-03
1424;0,32772;1,6975E-02;1,6511E-02
1425;0,33256;2,5850E-02;2,5142E-02
1426;0,32306;2,7792E-02;2,7032E-02
1427;0,32745;4,9546E-02;4,8180E-02
1428;0,33036;4,5588E-03;4,4360E-03
1429;0,32347;3,8020E-02;3,6985E-02
1430;0,32277;6,1601E-02;5,9912E-02
1431;0,32421;5,0156E-02;4,8792E-02
1432;0,33114;2,5194E-03;2,4524E-03
1433;0,33067;3,5834E-02;3,4870E-02
1434;0,32509;2,0962E-02;2,0403E-02
1435;0,32731;2,1416E-02;2,0847E-02
1436;0,32662;3,8351E-02;3,7326E-02
1437;0,32786;2,9880E-02;2,9085E-02
1438;0,32601;1,3263E-02;1,2913E-02
1439;0,32856;5,1039E-02;4,9672E-02
1440;0,31269;3,9601E-02;3,8547E-02
1441;0,31695;3,1800E-02;3,0959E-02
1442;0,31584;3,6317E-02;3,5356E-02
1443;0,31780;4,5063E-02;4,3868E-02
1444;0,31911;6,1791E-02;6,0143E-02
1445;0,31929;4,9751E-02;4,8434E-02
1446;0,32135;2,3095E-02;2,2492E-02
1447;0,31760;3,6215E-02;3,5265E-02
1448;0,32096;1,1569E-01;1,1254E-01
1449;0,32026;1,0213E-01;9,9374E-02
1450;0,31774;2,7412E-02;2,6699E-02
1451;0,31367;1,1271E-02;1,0980E-02
1452;0,31355;6,2361E-02;6,0718E-02
1453;0,31539;8,1978E-02;7,9803E-02
1454;0,31282;1,3759E-01;1,3384E-01
1455;0,31210;6,6150E-02;6,4409E-02
1456;0,30956;8,8509E-02;8,6158E-02
1457;0,31241;1,1700E-01;1,1386E-01
1458;0,31612;1,3643E-01;1,3273E-01
1459;0,31746;1,6307E-01;1,5860E-01
1460;0,31367;8,5421E-02;8,3161E-02
1461;0,31308;9,0276E-02;8,7886E-02
1462;0,31018;1,3060E-01;1,2708E-01
1463;0,30823;4,3225E-02;4,2106E-02
1464;0,30820;1,5184E-01;1,4770E-01
1465;0,31158;9,3383E-02;9,0911E-02
1466;0,30696;6,5197E-02;6,3498E-02
1467;0,31322;3,6054E-02;3,5128E-02
1468;0,30750;7,6942E-02;7,4928E-02
1469;0,31201;9,4845E-02;9,2344E-02
1470;0,31010;4,9678E-02;4,8397E-02
1471;0,30414;1,7848E-02;1,7394E-02
1472;0,30581;4,6771E-02;4,5566E-02
1473;0,30552;7,0198E-02;6,8368E-02
1474;0,29705;9,7339E-02;9,4765E-02
1475;0,30349;1,8463E-01;1,7954E-01
1476;0,30369;6,8778E-02;6,6987E-02
1477;0,30250;6,9736E-02;6,7916E-02
1478;0,30228;6,3480E-02;6,1825E-02
1479;0,30461;1,2001E-01;1,1680E-01
1480;0,30626;6,0637E-02;5,9063E-02
1481;0,30179;1,1529E-01;1,1221E-01
1482;0,30462;5,8490E-02;5,6967E-02
1483;0,29813;1,4859E-01;1,4454E-01
1484;0,30172;1,3747E-01;1,3375E-01
1485;0,30607;1,2503E-01;1,2168E-01
1486;0,30168;1,2340E-01;1,2008E-01
1487;0,29989;6,0629E-02;5,9042E-02
1488;0,26525;9,4180E-02;9,1654E-02
1489;0,29910;1,8973E-01;1,8443E-01
1490;0,30093;1,7478E-01;1,6993E-01
1491;0,30175;1,9778E-01;1,9222E-01
1492;0,29773;1,6441E-01;1,5986E-01
1493;0,30200;1,8157E-01;1,7651E-01
1494;0,30190;2,0367E-01;1,9794E-01
1495;0,30074;1,8253E-01;1,7745E-01
1496;0,29140;1,6852E-01;1,6385E-01
1497;0,29684;2,2850E-01;2,2198E-01
1498;0,29946;1,8968E-01;1,8437E-01
1499;0,29528;2,1759E-01;2,1141E-01
1500;0,30077;2,5061E-01;2,4339E-01
1501;0,29990;2,6552E-01;2,5782E-01
1502;0,29743;2,3356E-01;2,2688E-01
1503;0,26920;1,8493E-01;1,7972E-01
1504;0,28319;1,6029E-01;1,5586E-01
1505;0,27149;1,8402E-01;1,7885E-01
1506;0,28367;2,5773E-01;2,5026E-01
1507;0,29376;2,5514E-01;2,4779E-01
1508;0,29028;2,4302E-01;2,3606E-01
1509;0,28805;1,8690E-01;1,8169E-01
1510;0,29394;2,7052E-01;2,6269E-01
1511;0,29446;2,6474E-01;2,5710E-01
1512;0,28845;2,6068E-01;2,5315E-01
1513;0,28729;2,4239E-01;2,3544E-01
1514;0,28500;2,2571E-01;2,1930E-01
1515;0,28807;2,6573E-01;2,5804E-01
1516;0,28720;2,5683E-01;2,4943E-01
1517;0,28526;2,4929E-01;2,4214E-01
1518;0,28970;2,5211E-01;2,4489E-01
1519;0,28495;2,4437E-01;2,3739E-01
1520;0,28786;2,6450E-01;2,5688E-01
1521;0,28083;2,7505E-01;2,6707E-01
1522;0,28031;2,6378E-01;2,5617E-01
1523;0,28448;2,8004E-01;2,7192E-01
1524;0,28460;2,7539E-01;2,6743E-01
1525;0,27846;2,5884E-01;2,5140E-01
1526;0,28596;2,6745E-01;2,5977E-01
1527;0,28297;2,6220E-01;2,5468E-01
1528;0,28490;2,7928E-01;2,7122E-01
1529;0,28290;2,7244E-01;2,6460E-01
1530;0,26731;2,5522E-01;2,4789E-01
1531;0,28272;2,6973E-01;2,6200E-01
1532;0,28263;2,7839E-01;2,7039E-01
1533;0,28041;2,7714E-01;2,6918E-01
1534;0,27543;2,6892E-01;2,6122E-01
1535;0,27754;2,6686E-01;2,5924E-01
1536;0,28058;2,7464E-01;2,6679E-01
1537;0,28096;2,7336E-01;2,6558E-01
1538;0,27338;2,7202E-01;2,6427E-01
1539;0,27808;2,7295E-01;2,6519E-01
1540;0,26857;2,6491E-01;2,5737E-01
1541;0,27297;2,6904E-01;2,6141E-01
1542;0,27536;2,6927E-01;2,6165E-01
1543;0,27499;2,7208E-01;2,6439E-01
1544;0,27716;2,7210E-01;2,6443E-01
1545;0,27768;2,7705E-01;2,6922E-01
1546;0,27722;2,7481E-01;2,6705E-01
1547;0,27354;2,7309E-01;2,6537E-01
1548;0,26698;2,6675E-01;2,5920E-01
1549;0,27267;2,7342E-01;2,6568E-01
1550;0,26961;2,6990E-01;2,6226E-01
1551;0,27075;2,7058E-01;2,6293E-01
1552;0,27400;2,7182E-01;2,6415E-01
1553;0,27090;2,7132E-01;2,6366E-01
1554;0,26495;2,6474E-01;2,5727E-01
1555;0,26712;2,6759E-01;2,6005E-01
1556;0,26292;2,6310E-01;2,5569E-01
1557;0,27013;2,7062E-01;2,6301E-01
1558;0,26805;2,6848E-01;2,6093E-01
1559;0,26780;2,6808E-01;2,6054E-01
1560;0,26546;2,6568E-01;2,5821E-01
1561;0,26968;2,7002E-01;2,6242E-01
1562;0,26833;2,6756E-01;2,6003E-01
1563;0,26688;2,6667E-01;2,5917E-01
1564;0,26307;2,6264E-01;2,5525E-01
1565;0,26682;2,6728E-01;2,5975E-01
1566;0,26262;2,6245E-01;2,5506E-01
1567;0,26352;2,6308E-01;2,5566E-01
1568;0,26042;2,5722E-01;2,4997E-01
1569;0,26275;2,5452E-01;2,4736E-01
1570;0,26068;2,4175E-01;2,3497E-01
1571;0,26668;2,3507E-01;2,2850E-01
1572;0,26694;2,3775E-01;2,3108E-01
1573;0,26344;2,3407E-01;2,2750E-01
1574;0,26221;2,4145E-01;2,3464E-01
1575;0,24738;2,3974E-01;2,3294E-01
1576;0,26031;2,4678E-01;2,3980E-01
1577;0,23690;2,1602E-01;2,0994E-01
1578;0,25723;2,3516E-01;2,2854E-01
1579;0,26167;2,3672E-01;2,3005E-01
1580;0,26381;2,4464E-01;2,3772E-01
1581;0,26483;2,4870E-01;2,4165E-01
1582;0,25412;2,4195E-01;2,3508E-01
1583;0,25771;2,4755E-01;2,4051E-01
1584;0,25449;2,4904E-01;2,4194E-01
1585;0,26198;2,5874E-01;2,5135E-01
1586;0,25817;2,5569E-01;2,4838E-01
1587;0,25492;2,5303E-01;2,4579E-01
1588;0,25048;2,5107E-01;2,4388E-01
1589;0,23152;2,3233E-01;2,2567E-01
1590;0,24154;2,4179E-01;2,3486E-01
1591;0,24132;2,4197E-01;2,3503E-01
1592;0,25286;2,5225E-01;2,4502E-01
1593;0,25751;2,5833E-01;2,5092E-01
1594;0,25643;2,5624E-01;2,4890E-01
1595;0,25765;2,5823E-01;2,5083E-01
1596;0,24452;2,4452E-01;2,3751E-01
1597;0,24854;2,4692E-01;2,3985E-01
1598;0,25629;2,5421E-01;2,4693E-01
1599;0,24977;2,4202E-01;2,3511E-01
1600;0,25259;2,3810E-01;2,3133E-01
1601;0,24494;2,2323E-01;2,1691E-01
1602;0,24857;2,2413E-01;2,1780E-01
1603;0,24901;2,2397E-01;2,1765E-01
1604;0,25002;2,2842E-01;2,2197E-01
1605;0,24703;2,3683E-01;2,3010E-01
1606;0,24748;2,4140E-01;2,3453E-01
1607;0,24544;2,3296E-01;2,2637E-01
1608;0,24999;2,2990E-01;2,2343E-01
1609;0,24858;2,2727E-01;2,2088E-01
1610;0,23312;2,1760E-01;2,1146E-01
1611;0,24078;2,2680E-01;2,2039E-01
1612;0,24125;2,3076E-01;2,2422E-01
1613;0,24581;2,3719E-01;2,3047E-01
1614;0,24350;2,3838E-01;2,3162E-01
1615;0,24434;2,4104E-01;2,3420E-01
1616;0,23248;2,3050E-01;2,2395E-01
1617;0,23644;2,3465E-01;2,2798E-01
1618;0,24415;2,4352E-01;2,3660E-01
1619;0,24224;2,4100E-01;2,3415E-01
1620;0,23407;2,3449E-01;2,2783E-01
1621;0,23386;2,3430E-01;2,2765E-01
1622;0,23702;2,3754E-01;2,3081E-01
1623;0,24166;2,4246E-01;2,3559E-01
1624;0,24240;2,4269E-01;2,3582E-01
1625;0,23746;2,3782E-01;2,3109E-01
1626;0,23958;2,3971E-01;2,3294E-01
1627;0,24037;2,4078E-01;2,3398E-01
1628;0,24149;2,4126E-01;2,3446E-01
1629;0,24111;2,4137E-01;2,3456E-01
1630;0,23655;2,3651E-01;2,2984E-01
1631;0,23932;2,3806E-01;2,3136E-01
1632;0,23884;2,3821E-01;2,3151E-01
1633;0,23585;2,3267E-01;2,2614E-01
1634;0,23276;2,3282E-01;2,2628E-01
1635;0,23735;2,3367E-01;2,2712E-01
1636;0,23676;2,3539E-01;2,2879E-01
1637;0,22747;2,2700E-01;2,2064E-01
1638;0,22708;2,2007E-01;2,1393E-01
1639;0,22205;2,2026E-01;2,1410E-01
1640;0,22571;2,1511E-01;2,0913E-01
1641;0,22393;2,1960E-01;2,1348E-01
1642;0,22402;2,2082E-01;2,1467E-01
1643;0,22879;2,1535E-01;2,0939E-01
1644;0,22572;2,2355E-01;2,1733E-01
1645;0,22512;2,1822E-01;2,1216E-01
1646;0,22899;2,1749E-01;2,1147E-01
1647;0,22910;2,2768E-01;2,2135E-01
1648;0,22898;2,1655E-01;2,1057E-01
1649;0,22354;2,1867E-01;2,1261E-01
1650;0,22840;2,2526E-01;2,1902E-01
1651;0,22369;2,0855E-01;2,0281E-01
1652;0,22802;2,2373E-01;2,1754E-01
1653;0,22533;2,2277E-01;2,1661E-01
1654;0,22654;2,1583E-01;2,0991E-01
1655;0,22390;2,2231E-01;2,1619E-01
1656;0,22607;2,2101E-01;2,1494E-01
1657;0,22564;2,2223E-01;2,1613E-01
1658;0,22532;2,2487E-01;2,1870E-01
1659;0,22221;2,2120E-01;2,1514E-01
1660;0,22412;2,2332E-01;2,1721E-01
1661;0,22543;2,2384E-01;2,1774E-01
1662;0,22421;2,1908E-01;2,1313E-01
1663;0,22265;2,2235E-01;2,1630E-01
1664;0,22252;2,2098E-01;2,1498E-01
1665;0,22137;2,1178E-01;2,0607E-01
1666;0,21853;1,7884E-01;1,7411E-01
1667;0,22016;2,1068E-01;2,0502E-01
1668;0,21617;2,1459E-01;2,0881E-01
1669;0,21809;2,1516E-01;2,0939E-01
1670;0,22208;2,2168E-01;2,1573E-01
1671;0,22096;2,1879E-01;2,1294E-01
1672;0,21210;2,1147E-01;2,0582E-01
1673;0,21606;2,1629E-01;2,1052E-01
1674;0,21907;2,1575E-01;2,1002E-01
1675;0,21621;2,1360E-01;2,0793E-01
1676;0,21319;2,1145E-01;2,0584E-01
1677;0,21548;2,1229E-01;2,0668E-01
1678;0,21585;2,0915E-01;2,0365E-01
1679;0,21295;2,1303E-01;2,0741E-01
1680;0,20641;2,0558E-01;2,0017E-01
1681;0,19848;1,9447E-01;1,8936E-01
1682;0,20341;2,0366E-01;1,9830E-01
1683;0,20893;2,0906E-01;2,0357E-01
1684;0,21198;1,9797E-01;1,9283E-01
1685;0,21306;2,1321E-01;2,0763E-01
1686;0,21026;2,1026E-01;2,0476E-01
1687;0,21123;2,0484E-01;1,9951E-01
1688;0,21081;2,1013E-01;2,0465E-01
1689;0,20805;2,0718E-01;2,0178E-01
1690;0,20845;2,0523E-01;1,9991E-01
1691;0,21203;1,9303E-01;1,8808E-01
1692;0,21211;2,0708E-01;2,0174E-01
1693;0,21122;2,1134E-01;2,0587E-01
1694;0,21068;2,0477E-01;1,9950E-01
1695;0,21055;2,0968E-01;2,0427E-01
1696;0,20962;2,0922E-01;2,0383E-01
1697;0,20850;1,8107E-01;1,7649E-01
1698;0,20879;2,0739E-01;2,0207E-01
1699;0,20804;2,0551E-01;2,0024E-01
1700;0,20539;1,9975E-01;1,9464E-01
1702;0,20520;2,0396E-01;1,9874E-01
1705;0,20428;1,9778E-01;1,9275E-01
1710;0,19894;1,8790E-01;1,8316E-01
1715;0,20189;1,8965E-01;1,8490E-01
1720;0,19799;1,8698E-01;1,8231E-01
1725;0,19688;1,7808E-01;1,7367E-01
1730;0,19309;1,7407E-01;1,6979E-01
1735;0,18200;1,6154E-01;1,5758E-01
1740;0,19001;1,6818E-01;1,6405E-01
1745;0,18624;1,5481E-01;1,5105E-01
1750;0,18518;1,6566E-01;1,6162E-01
1755;0,18509;1,5301E-01;1,4931E-01
1760;0,18243;1,5998E-01;1,5608E-01
1765;0,18143;1,3284E-01;1,2967E-01
1770;0,17969;1,4172E-01;1,3831E-01
1775;0,17600;1,1484E-01;1,1213E-01
1780;0,17553;1,0050E-01;9,8143E-02
1785;0,17411;7,6981E-02;7,5201E-02
1790;0,17371;8,8904E-02;8,6831E-02
1795;0,17102;4,6931E-02;4,5864E-02
1800;0,16800;3,1828E-02;3,1112E-02
1805;0,16884;1,4815E-02;1,4485E-02
1810;0,16859;9,6911E-03;9,4762E-03
1815;0,15500;3,2816E-03;3,2093E-03
1820;0,16000;9,8755E-04;9,6578E-04
1825;0,16257;1,2744E-03;1,2463E-03
1830;0,15921;5,2041E-06;5,0896E-06
1835;0,15760;6,4190E-06;6,2784E-06
1840;0,15552;6,2703E-08;6,1337E-08
1845;0,15288;6,2658E-06;6,1298E-06
1850;0,15337;2,9993E-06;2,9348E-06
1855;0,15126;2,8396E-07;2,7795E-07
1860;0,14933;1,1151E-05;1,0920E-05
1865;0,14710;1,6982E-05;1,6644E-05
1870;0,14565;2,6662E-10;2,6148E-10
1875;0,13231;4,5130E-10;4,4296E-10
1880;0,14667;7,7505E-05;7,6123E-05
1885;0,14573;4,3890E-05;4,3129E-05
1890;0,14041;2,2333E-04;2,1956E-04
1895;0,13842;1,2947E-04;1,2743E-04
1900;0,14041;8,6221E-07;8,4916E-07
1905;0,13904;5,6667E-07;5,5798E-07
1910;0,13654;2,3045E-05;2,2726E-05
1915;0,13611;1,9947E-05;1,9673E-05
1920;0,13463;4,5069E-04;4,4451E-04
1925;0,13447;9,3615E-04;9,2326E-04
1930;0,13145;5,5242E-04;5,4474E-04
1935;0,13243;3,5935E-03;3,5428E-03
1940;0,12950;3,2821E-03;3,2357E-03
1945;0,11950;1,0863E-02;1,0707E-02
1950;0,12627;1,6727E-02;1,6482E-02
1955;0,12833;1,0036E-02;9,8860E-03
1960;0,12610;2,1906E-02;2,1569E-02
1965;0,12291;2,8563E-02;2,8114E-02
1970;0,12375;4,8847E-02;4,8055E-02
1975;0,12150;6,7857E-02;6,6730E-02
1980;0,11968;7,5512E-02;7,4234E-02
1985;0,11902;8,3063E-02;8,1625E-02
1990;0,11977;8,5613E-02;8,4124E-02
1995;0,11684;8,1190E-02;7,9787E-02
2000;0,11673;3,8156E-02;3,7491E-02
2005;0,11501;1,5001E-02;1,4747E-02
2010;0,11512;3,9748E-02;3,9071E-02
2015;0,11399;2,6648E-02;2,6208E-02
2020;0,11192;4,4981E-02;4,4239E-02
2025;0,11176;7,4010E-02;7,2779E-02
2030;0,10969;8,4856E-02;8,3460E-02
2035;0,10915;9,6386E-02;9,4808E-02
2040;0,10720;8,9781E-02;8,8344E-02
2045;0,10756;9,1074E-02;8,9636E-02
2050;0,10592;6,7927E-02;6,6892E-02
2055;0,10471;5,4906E-02;5,4090E-02
2060;0,10320;6,9193E-02;6,8157E-02
2065;0,10182;6,1875E-02;6,0962E-02
2070;0,10095;6,5676E-02;6,4715E-02
2075;0,10095;7,7443E-02;7,6305E-02
2080;0,09933;8,6812E-02;8,5528E-02
2085;0,09830;8,5102E-02;8,3847E-02
2090;0,09754;8,9100E-02;8,7779E-02
2095;0,09599;8,9747E-02;8,8421E-02
2100;0,09624;8,6133E-02;8,4869E-02
2105;0,09575;9,3153E-02;9,1771E-02
2110;0,09463;8,9654E-02;8,8320E-02
2115;0,09385;9,1673E-02;9,0308E-02
2120;0,09314;8,7588E-02;8,6281E-02
2125;0,09218;8,8632E-02;8,7303E-02
2130;0,09238;8,9774E-02;8,8422E-02
2135;0,09112;9,0044E-02;8,8679E-02
2140;0,09105;9,0767E-02;8,9390E-02
2145;0,08994;8,9486E-02;8,8132E-02
2150;0,08971;8,4639E-02;8,3369E-02
2155;0,08888;8,4840E-02;8,3566E-02
2160;0,08789;8,4170E-02;8,2912E-02
2165;0,08200;7,6310E-02;7,5175E-02
2170;0,08537;8,1996E-02;8,0776E-02
2175;0,08576;8,0448E-02;7,9257E-02
2180;0,08464;8,1808E-02;8,0597E-02
2185;0,08468;7,4550E-02;7,3458E-02
2190;0,08314;7,9068E-02;7,7905E-02
2195;0,08347;7,8992E-02;7,7833E-02
2200;0,08279;7,1202E-02;7,0175E-02
2205;0,08090;7,4010E-02;7,2947E-02
2210;0,08081;7,9315E-02;7,8174E-02
2215;0,08041;7,6273E-02;7,5189E-02
2220;0,07999;7,7730E-02;7,6631E-02
2225;0,07884;7,5453E-02;7,4400E-02
2230;0,07840;7,5773E-02;7,4727E-02
2235;0,07793;7,4299E-02;7,3290E-02
2240;0,07651;7,3118E-02;7,2140E-02
2245;0,07625;7,0838E-02;6,9911E-02
2250;0,07537;7,1937E-02;7,1034E-02
2255;0,07434;6,7690E-02;6,6865E-02
2260;0,07409;6,6929E-02;6,6143E-02
2265;0,07328;6,8137E-02;6,7355E-02
2270;0,07310;6,4867E-02;6,4138E-02
2275;0,07263;6,4021E-02;6,3309E-02
2280;0,07139;6,6288E-02;6,5551E-02
2285;0,07138;6,3080E-02;6,2389E-02
2290;0,07119;6,3220E-02;6,2534E-02
2295;0,06930;6,1265E-02;6,0603E-02
2300;0,06964;5,8824E-02;5,8193E-02
2305;0,06940;5,9171E-02;5,8544E-02
2310;0,06890;6,3870E-02;6,3189E-02
2315;0,06815;5,8141E-02;5,7528E-02
2320;0,06763;5,2031E-02;5,1489E-02
2325;0,06556;5,6215E-02;5,5626E-02
2330;0,06622;5,6824E-02;5,6231E-02
2335;0,06572;5,7967E-02;5,7362E-02
2340;0,06522;4,5836E-02;4,5366E-02
2345;0,06510;5,1400E-02;5,0869E-02
2350;0,06434;4,1536E-02;4,1115E-02
2355;0,06260;4,7473E-02;4,6988E-02
2360;0,06307;5,0237E-02;4,9724E-02
2365;0,06301;4,9409E-02;4,8909E-02
2370;0,06239;3,0817E-02;3,0514E-02
2375;0,06141;4,4147E-02;4,3704E-02
2380;0,06181;4,2552E-02;4,2128E-02
2385;0,05913;3,0826E-02;3,0525E-02
2390;0,06036;3,7109E-02;3,6748E-02
2395;0,06007;4,0594E-02;4,0199E-02
2400;0,05974;4,4150E-02;4,3726E-02
2405;0,05944;3,3599E-02;3,3286E-02
2410;0,05915;3,3813E-02;3,3504E-02
2415;0,05698;2,7300E-02;2,7058E-02
2420;0,05782;2,6590E-02;2,6358E-02
2425;0,05733;3,3078E-02;3,2802E-02
2430;0,05719;4,5099E-02;4,4725E-02
2435;0,05647;1,4878E-02;1,4765E-02
2440;0,05627;4,3249E-02;4,2926E-02
2445;0,05556;2,0798E-02;2,0657E-02
2450;0,05459;1,3611E-02;1,3523E-02
2455;0,05416;2,4853E-02;2,4695E-02
2460;0,05451;3,3363E-02;3,3157E-02
2465;0,05430;2,4148E-02;2,4009E-02
2470;0,05340;1,6727E-02;1,6635E-02
2475;0,05337;1,6455E-02;1,6368E-02
2480;0,05210;8,0395E-03;7,9996E-03
2485;0,05177;5,6102E-03;5,5840E-03
2490;0,05222;3,5113E-03;3,4957E-03
2495;0,04889;2,8772E-03;2,8647E-03
2500;0,05138;7,0642E-03;7,0328E-03
2505;0,05082;1,5191E-03;1,5124E-03
2510;0,04960;2,2163E-03;2,2063E-03
2515;0,04876;5,1880E-04;5,1644E-04
2520;0,04814;3,7054E-04;3,6879E-04
2525;0,04765;4,1393E-05;4,1194E-05
2530;0,04770;6,3593E-07;6,3279E-07
2535;0,04712;1,7502E-07;1,7415E-07
2540;0,04677;3,7716E-07;3,7521E-07
2545;0,04661;5,3758E-11;5,3469E-11
2550;0,04626;2,8222E-13;2,8066E-13
2555;0,04593;1,0435E-09;1,0377E-09
2560;0,04540;3,1020E-11;3,0842E-11
2565;0,04516;1,5955E-14;1,5846E-14
2570;0,04485;1,5258E-18;1,5151E-18
2575;0,04448;1,0786E-27;1,0708E-27
2580;0,04410;3,8214E-22;3,7933E-22
2585;0,04327;1,7194E-34;1,7064E-34
2590;0,04341;5,4793E-31;5,4369E-31
2595;0,04304;2,2838E-33;2,2666E-33
2600;0,04291;4,4912E-28;4,4556E-28
2605;0,04280;5,8053E-35;5,7592E-35
2610;0,04250;5,9447E-34;5,8970E-34
2615;0,04228;1,1196E-37;1,1106E-37
2620;0,04190;5,6505E-29;5,6056E-29
2625;0,04058;3,8687E-28;3,8378E-28
2630;0,04116;2,8026E-45;2,8026E-45
2635;0,04096;3,9027E-16;3,8719E-16
2640;0,04022;1,1750E-16;1,1657E-16
2645;0,04018;8,9988E-19;8,9292E-19
2650;0,03996;1,4295E-19;1,4186E-19
2655;0,03959;1,3133E-27;1,3036E-27
2660;0,03948;2,6068E-25;2,5880E-25
2665;0,03895;1,1123E-37;1,1045E-37
2670;0,03910;0,0000E+00;0,0000E+00
2675;0,03861;0,0000E+00;0,0000E+00
2680;0,03843;0,0000E+00;0,0000E+00
2685;0,03816;0,0000E+00;0,0000E+00
2690;0,03779;1,0226E-29;1,0178E-29
2695;0,03746;7,1284E-33;7,1014E-33
2700;0,03712;0,0000E+00;0,0000E+00
2705;0,03693;2,9315E-42;2,9273E-42
2710;0,03668;1,1250E-35;1,1239E-35
2715;0,03656;3,8557E-26;3,8549E-26
2720;0,03638;5,6052E-45;5,6052E-45
2725;0,03613;7,2935E-22;7,3094E-22
2730;0,03601;6,0734E-19;6,0929E-19
2735;0,03574;5,4888E-21;5,5121E-21
2740;0,03553;2,3314E-27;2,3435E-27
2745;0,03538;1,3146E-23;1,3224E-23
2750;0,03518;1,6648E-28;1,6758E-28
2755;0,03486;6,7262E-44;6,7262E-44
2760;0,03455;0,0000E+00;0,0000E+00
2765;0,03440;2,6777E-27;2,7001E-27
2770;0,03426;8,3791E-24;8,4528E-24
2775;0,03393;3,9990E-38;4,0360E-38
2780;0,03364;4,8067E-34;4,8532E-34
2785;0,03342;3,8866E-27;3,9255E-27
2790;0,03320;1,2170E-16;1,2295E-16
2795;0,03293;3,6205E-16;3,6591E-16
2800;0,03276;1,6484E-12;1,6665E-12
2805;0,03253;6,7478E-14;6,8228E-14
2810;0,03242;4,0233E-10;4,0695E-10
2815;0,03226;2,8685E-10;2,9018E-10
2820;0,03206;2,0548E-11;2,0789E-11
2825;0,03184;1,7605E-07;1,7814E-07
2830;0,03170;3,9008E-06;3,9475E-06
2835;0,03145;2,1276E-10;2,1533E-10
2840;0,03118;1,9609E-07;1,9849E-07
2845;0,03095;4,0575E-05;4,1074E-05
2850;0,03068;1,1566E-06;1,1708E-06
2855;0,03043;4,4867E-07;4,5425E-07
2860;0,03016;2,5356E-05;2,5672E-05
2865;0,02996;1,6763E-04;1,6974E-04
2870;0,02960;6,3129E-06;6,3922E-06
2875;0,02940;3,9170E-04;3,9663E-04
2880;0,02940;2,4724E-04;2,5037E-04
2885;0,02922;4,5332E-04;4,5906E-04
2890;0,02907;1,8623E-04;1,8860E-04
2895;0,02896;2,6643E-03;2,6982E-03
2900;0,02881;8,1152E-04;8,2183E-04
2905;0,02867;1,1096E-04;1,1237E-04
2910;0,02850;2,7220E-03;2,7566E-03
2915;0,02822;1,2581E-03;1,2742E-03
2920;0,02804;2,8948E-03;2,9316E-03
2925;0,02778;1,0835E-03;1,0973E-03
2930;0,02757;5,8858E-03;5,9606E-03
2935;0,02733;6,4903E-03;6,5725E-03
2940;0,02714;1,6273E-03;1,6479E-03
2945;0,02684;1,4489E-03;1,4673E-03
2950;0,02668;5,2276E-03;5,2935E-03
2955;0,02656;2,3361E-03;2,3655E-03
2960;0,02638;4,5971E-03;4,6549E-03
2965;0,02626;7,4379E-03;7,5313E-03
2970;0,02612;3,5233E-04;3,5676E-04
2975;0,02601;8,5429E-04;8,6499E-04
2980;0,02580;1,3381E-03;1,3548E-03
2985;0,02569;6,9628E-03;7,0495E-03
2990;0,02554;1,0280E-02;1,0407E-02
2995;0,02540;4,2755E-03;4,3286E-03
3000;0,02525;7,8472E-03;7,9442E-03
3005;0,02512;2,8906E-03;2,9261E-03
3010;0,02498;6,8479E-03;6,9320E-03
3015;0,02486;5,5551E-03;5,6232E-03
3020;0,02466;6,3369E-04;6,4143E-04
3025;0,02454;7,5031E-03;7,5948E-03
3030;0,02442;6,0753E-03;6,1491E-03
3035;0,02421;2,4986E-03;2,5290E-03
3040;0,02393;2,0242E-03;2,0487E-03
3045;0,02402;4,2090E-03;4,2599E-03
3050;0,02395;1,0321E-03;1,0446E-03
3055;0,02386;2,8947E-04;2,9295E-04
3060;0,02376;6,3012E-03;6,3761E-03
3065;0,02354;2,9113E-03;2,9458E-03
3070;0,02344;1,7492E-03;1,7699E-03
3075;0,02335;6,0221E-03;6,0928E-03
3080;0,02315;3,6224E-03;3,6646E-03
3085;0,02295;1,7671E-03;1,7876E-03
3090;0,02280;2,3805E-03;2,4080E-03
3095;0,02263;6,5510E-04;6,6266E-04
3100;0,02243;4,4010E-03;4,4513E-03
3105;0,02228;9,2155E-04;9,3203E-04
3110;0,02211;8,4569E-04;8,5524E-04
3115;0,02177;2,2677E-03;2,2932E-03
3120;0,02174;9,8197E-03;9,9294E-03
3125;0,02158;3,0289E-03;3,0625E-03
3130;0,02145;5,7614E-03;5,8246E-03
3135;0,02136;1,1446E-02;1,1571E-02
3140;0,02118;3,3241E-03;3,3603E-03
3145;0,02107;3,2517E-03;3,2869E-03
3150;0,02088;6,6744E-03;6,7457E-03
3155;0,02083;5,6366E-03;5,6965E-03
3160;0,02073;9,2320E-03;9,3294E-03
3165;0,02066;1,4017E-02;1,4163E-02
3170;0,02052;1,2516E-02;1,2645E-02
3175;0,02047;9,2302E-03;9,3252E-03
3180;0,02032;1,0621E-02;1,0730E-02
3185;0,02024;8,0823E-03;8,1644E-03
3190;0,02019;4,2388E-03;4,2817E-03
3195;0,02008;2,6927E-03;2,7197E-03
3200;0,01994;4,3843E-04;4,4280E-04
3205;0,01986;3,0973E-04;3,1280E-04
3210;0,01976;1,3634E-04;1,3768E-04
3215;0,01962;4,9752E-04;5,0237E-04
3220;0,01954;1,6089E-03;1,6245E-03
3225;0,01942;1,9875E-04;2,0066E-04
3230;0,01938;3,4080E-04;3,4404E-04
3235;0,01926;7,2940E-03;7,3625E-03
3240;0,01921;3,7464E-03;3,7816E-03
3245;0,01910;7,3409E-04;7,4096E-04
3250;0,01909;2,6067E-03;2,6308E-03
3255;0,01890;9,9378E-03;1,0029E-02
3260;0,01880;1,2248E-03;1,2360E-03
3265;0,01870;2,4465E-03;2,4686E-03
3270;0,01860;1,2186E-03;1,2292E-03
3275;0,01848;5,9265E-03;5,9758E-03
3280;0,01837;2,8644E-03;2,8890E-03
3285;0,01832;1,1128E-02;1,1223E-02
3290;0,01826;8,7571E-03;8,8310E-03
3295;0,01803;1,2234E-03;1,2337E-03
3300;0,01792;1,7794E-03;1,7944E-03
3305;0,01786;3,9416E-03;3,9746E-03
3310;0,01770;3,9235E-03;3,9565E-03
3315;0,01760;1,6133E-05;1,6269E-05
3320;0,01730;5,9987E-05;6,0496E-05
3325;0,01728;3,5187E-03;3,5486E-03
3330;0,01713;4,6616E-03;4,7014E-03
3335;0,01703;9,0694E-03;9,1470E-03
3340;0,01685;3,4602E-03;3,4903E-03
3345;0,01678;3,5408E-03;3,5722E-03
3350;0,01660;8,0277E-03;8,0998E-03
3355;0,01650;3,6308E-03;3,6642E-03
3360;0,01636;5,2402E-03;5,2892E-03
3365;0,01629;7,1907E-03;7,2591E-03
3370;0,01618;3,9389E-03;3,9770E-03
3375;0,01611;8,4560E-03;8,5388E-03
3380;0,01601;5,1115E-03;5,1624E-03
3385;0,01598;7,4896E-03;7,5650E-03
3390;0,01590;9,8552E-03;9,9552E-03
3395;0,01580;9,5465E-03;9,6446E-03
3400;0,01564;1,2509E-02;1,2638E-02
3405;0,01565;4,4594E-03;4,5061E-03
3410;0,01554;7,0802E-03;7,1547E-03
3415;0,01547;7,2774E-03;7,3543E-03
3420;0,01543;1,3165E-02;1,3305E-02
3425;0,01532;1,0006E-02;1,0112E-02
3430;0,01522;8,6892E-03;8,7810E-03
3435;0,01515;1,1553E-02;1,1673E-02
3440;0,01505;8,0348E-03;8,1181E-03
3445;0,01502;1,1318E-02;1,1434E-02
3450;0,01492;1,1153E-02;1,1267E-02
3455;0,01488;8,3089E-03;8,3938E-03
3460;0,01480;1,2530E-02;1,2657E-02
3465;0,01476;9,8179E-03;9,9163E-03
3470;0,01466;1,2264E-02;1,2386E-02
3475;0,01456;1,0943E-02;1,1051E-02
3480;0,01448;1,1224E-02;1,1335E-02
3485;0,01445;1,2094E-02;1,2212E-02
3490;0,01436;1,0419E-02;1,0520E-02
3495;0,01432;1,2265E-02;1,2383E-02
3500;0,01423;1,1917E-02;1,2032E-02
3505;0,01415;1,1809E-02;1,1923E-02
3510;0,01405;1,1963E-02;1,2077E-02
3515;0,01402;1,1494E-02;1,1598E-02
3520;0,01393;1,2122E-02;1,2226E-02
3525;0,01389;1,1428E-02;1,1523E-02
3530;0,01380;1,1127E-02;1,1217E-02
3535;0,01376;9,4556E-03;9,5305E-03
3540;0,01367;9,0310E-03;9,1011E-03
3545;0,01366;9,5432E-03;9,6154E-03
3550;0,01357;1,0538E-02;1,0616E-02
3555;0,01345;9,0581E-03;9,1245E-03
3560;0,01336;1,0795E-02;1,0872E-02
3565;0,01336;1,0851E-02;1,0928E-02
3570;0,01325;8,3376E-03;8,3951E-03
3575;0,01318;8,6444E-03;8,7028E-03
3580;0,01308;1,0187E-02;1,0255E-02
3585;0,01305;9,1671E-03;9,2282E-03
3590;0,01298;9,4523E-03;9,5145E-03
3595;0,01294;9,6700E-03;9,7329E-03
3600;0,01285;1,0262E-02;1,0328E-02
3605;0,01283;1,0359E-02;1,0425E-02
3610;0,01274;9,4787E-03;9,5385E-03
3615;0,01272;9,4726E-03;9,5318E-03
3620;0,01264;1,1614E-02;1,1686E-02
3625;0,01261;1,0239E-02;1,0302E-02
3630;0,01251;9,9550E-03;1,0016E-02
3635;0,01249;1,0299E-02;1,0362E-02
3640;0,01240;1,1480E-02;1,1549E-02
3645;0,01236;1,0599E-02;1,0663E-02
3650;0,01228;1,0123E-02;1,0183E-02
3655;0,01222;1,0978E-02;1,1042E-02
3660;0,01215;1,0914E-02;1,0978E-02
3665;0,01215;1,0253E-02;1,0313E-02
3670;0,01204;7,9003E-03;7,9464E-03
3675;0,01203;4,8286E-03;4,8569E-03
3680;0,01189;8,3312E-03;8,3789E-03
3685;0,01183;9,4380E-03;9,4906E-03
3690;0,01177;9,6922E-03;9,7458E-03
3695;0,01172;1,0132E-02;1,0188E-02
3700;0,01155;1,0878E-02;1,0937E-02
3705;0,01160;1,0770E-02;1,0827E-02
3710;0,01151;9,3640E-03;9,4130E-03
3715;0,01150;9,2254E-03;9,2731E-03
3720;0,01144;1,0376E-02;1,0429E-02
3725;0,01143;1,0698E-02;1,0751E-02
3730;0,01134;9,2707E-03;9,3169E-03
3735;0,01128;8,5837E-03;8,6260E-03
3740;0,01108;8,8494E-03;8,8923E-03
3745;0,01108;1,0331E-02;1,0380E-02
3750;0,01104;9,2903E-03;9,3341E-03
3755;0,01100;8,9918E-03;9,0336E-03
3760;0,01094;8,8633E-03;8,9041E-03
3765;0,01093;8,5502E-03;8,5891E-03
3770;0,01086;9,1243E-03;9,1649E-03
3775;0,01080;9,0521E-03;9,0918E-03
3780;0,01074;9,5746E-03;9,6158E-03
3785;0,01073;8,8123E-03;8,8498E-03
3790;0,01063;7,7564E-03;7,7891E-03
3795;0,01062;8,8692E-03;8,9056E-03
3800;0,01053;9,8592E-03;9,8988E-03
3805;0,01053;9,3049E-03;9,3414E-03
3810;0,01043;8,2451E-03;8,2771E-03
3815;0,01041;7,7569E-03;7,7867E-03
3820;0,01034;9,6550E-03;9,6908E-03
3825;0,01033;9,5056E-03;9,5402E-03
3830;0,01025;9,5925E-03;9,6268E-03
3835;0,01021;7,6916E-03;7,7190E-03
3840;0,01015;8,9756E-03;9,0066E-03
3845;0,01013;8,7801E-03;8,8097E-03
3850;0,01005;8,8274E-03;8,8569E-03
3855;0,01003;8,5085E-03;8,5365E-03
3860;0,00994;7,9940E-03;8,0197E-03
3865;0,00991;8,0989E-03;8,1248E-03
3870;0,00983;7,3604E-03;7,3839E-03
3875;0,00983;6,7620E-03;6,7832E-03
3880;0,00975;6,5340E-03;6,5543E-03
3885;0,00970;6,7717E-03;6,7926E-03
3890;0,00971;6,8818E-03;6,9028E-03
3895;0,00962;7,4760E-03;7,4983E-03
3900;0,00960;7,9254E-03;7,9487E-03
3905;0,00959;7,9269E-03;7,9500E-03
3910;0,00952;7,1353E-03;7,1560E-03
3915;0,00950;6,9868E-03;7,0070E-03
3920;0,00941;6,9466E-03;6,9665E-03
3925;0,00940;6,8520E-03;6,8714E-03
3930;0,00932;7,0502E-03;7,0699E-03
3935;0,00930;7,3541E-03;7,3743E-03
3940;0,00923;7,4027E-03;7,4228E-03
3945;0,00920;7,5412E-03;7,5613E-03
3950;0,00911;7,6277E-03;7,6475E-03
3955;0,00908;7,7199E-03;7,7399E-03
3960;0,00902;7,7482E-03;7,7679E-03
3965;0,00901;7,8057E-03;7,8253E-03
3970;0,00893;7,6806E-03;7,6997E-03
3975;0,00891;7,5097E-03;7,5280E-03
3980;0,00884;7,3872E-03;7,4049E-03
3985;0,00880;7,4327E-03;7,4503E-03
3990;0,00878;7,3723E-03;7,3894E-03
3995;0,00870;7,2100E-03;7,2263E-03
4000;0,00868;7,1043E-03;7,1199E-03